HG_J0,HG_J1,HG_J2,HG_J3,HG_J4,HG_J5,HG_J6,HG_J7,HG_J8,HG_J9,HG_J10,RH_J0,RH_J1,RH_J2,RH_J3,RH_J4,RH_J5,RH_J6,RH_J7,RH_J8,RH_J9,RH_J10,RH_J11,RH_J12,RH_J13,RH_J14,RH_J15,ThetaX,ThetaY,ThetaZ
0.5450000166893005,0.7246811985969543,0.567105233669281,0.4166666567325592,0.6240174770355225,0.6083333492279053,0.5063291192054749,0.3083333373069763,0.37824746966362,1.0,0.11465968936681747,0.016323806727939295,0.6133221201326724,0.699616396575569,1.1284237397354107,0.01279937839423423,0.7435299856528653,0.5037641366474016,1.3596396234753805,0.0006286390238951824,-0.19576343409107205,0.6936395685233832,0.0,1.466224665924498,0.2232575093457297,-0.2928382044400987,1.6879518825432371,-0.0012072600988434767,0.0,-0.0
0.5450000166893005,0.7246811985969543,0.567105233669281,0.4216666519641876,0.6248908042907715,0.6150000095367432,0.5080750584602356,0.3149999976158142,0.3800088167190552,1.0,0.11465968936681747,0.015997344118732427,0.6132122803864996,0.6994738478993967,1.1283398184597273,0.012497150064301733,0.7436620676973207,0.503925301841175,1.3597452912043049,0.0006286390238951824,-0.19576343409107205,0.6936395685233832,0.0,1.4660504197543764,0.22321195292970178,-0.2928065426297227,1.6879249945001804,0.009103607314513098,0.0,0.0
0.5450000166893005,0.7244310975074768,0.5666666626930237,0.41999998688697815,0.6248908042907715,0.6116666793823242,0.5080750584602356,0.31166666746139526,0.3808894753456116,1.0,0.11465968936681747,0.014989533097268914,0.6128597618724805,0.6990128387031643,1.128067466817845,0.01156669052320044,0.7440867328296291,0.5044408682678764,1.3600823737565322,0.0006286390238951824,-0.19576343409107205,0.6936395685233832,0.0,1.4654916444575046,0.22306585078113567,-0.29270496356234943,1.6878384416145282,0.005888940520399751,0.0,0.0
0.5450000166893005,0.724181056022644,0.5662280917167664,0.4216666519641876,0.6248908042907715,0.6100000143051147,0.5085115432739258,0.3100000023841858,0.38397181034088135,1.0,0.11518324911594391,0.014803029557464669,0.612797474344859,0.6989309214841409,1.1280189374858156,0.011394033719209528,0.7441626094527165,0.5045324774854756,1.3601420645300324,0.0006286390238951824,-0.19576343409107205,0.6936395685233832,0.0,1.4653921176085345,0.2230398212924708,-0.29268684471001,1.6878228378302311,0.0070151876980095295,0.0,0.0
0.5450000166893005,0.724181056022644,0.5662280917167664,0.42500001192092896,0.6248908042907715,0.6133333444595337,0.5085115432739258,0.31166666746139526,0.38397181034088135,1.0,0.11518324911594391,0.014477663599815034,0.6126844008408739,0.6987813252454124,1.1279300795704734,0.011093643375827703,0.7443003774235702,0.5046981930625293,1.3602498172876778,0.0006286390238951824,-0.19576343409107205,0.6936395685233832,0.0,1.4652117487196408,0.2229926469512747,-0.2926540001792801,1.6877944991767302,0.011416519792586859,0.0,-0.0
0.5450000166893005,0.724181056022644,0.5662280917167664,0.42500001192092896,0.6248908042907715,0.6133333444595337,0.5085115432739258,0.31166666746139526,0.38397181034088135,1.0,0.11518324911594391,0.014154877560338675,0.6125724232200864,0.698632708771986,1.127841673906941,0.010795635738396883,0.7444372336294807,0.5048623963843011,1.3603564253952223,0.0006286390238951824,-0.19576343409107205,0.6936395685233832,0.0,1.4650328176747625,0.22294584499377684,-0.29262140238254325,1.6877662776843765,0.011416519792586859,0.0,0.0
0.5450000166893005,0.724181056022644,0.5662280917167664,0.42500001192092896,0.6248908042907715,0.6116666793823242,0.5085115432739258,0.31166666746139526,0.38397181034088135,1.0,0.11518324911594391,0.013847359193497551,0.6124701972857232,0.6984971421944353,1.127761050328936,0.01051095072813317,0.7445627763743415,0.5050129703375111,1.360454150849197,0.0006286390238951824,-0.19576343409107205,0.6936395685233832,0.0,1.464868729620574,0.22290292209082851,-0.29259149496047937,1.6877402983277987,0.010426461772809164,0.0,-0.0
0.5450000166893005,0.7239309549331665,0.5662280917167664,0.4266666769981384,0.6248908042907715,0.6133333444595337,0.5085115432739258,0.31333333253860474,0.38397181034088135,1.0,0.11465968936681747,0.011610418394055796,0.6116968364032088,0.6974644611474506,1.1271450260912528,0.008445737707781401,0.7455136084090389,0.5061482713443627,1.361189089950124,0.0006286390238951824,-0.19576343409107205,0.6936395685233832,0.0,1.4636288195624405,0.22257855762378917,-0.2923654082296574,1.68754330300268,0.012160201497028634,0.0,-0.0
0.5450000166893005,0.7239309549331665,0.5657894611358643,0.4266666769981384,0.6248908042907715,0.6133333444595337,0.5085115432739258,0.31166666746139526,0.38397181034088135,1.0,0.11518324911594391,0.012161834435126818,0.611877521434769,0.6977102654887084,1.1272929118746444,0.008956200483744948,0.7452861306508144,0.5058808854392457,1.3610176630973345,0.0006286390238951824,-0.19576343409107205,0.6936395685233832,0.0,1.463922951528842,0.2226555448685889,-0.2924192113300337,1.6875912638706538,0.012583342897879924,0.0,0.0
0.5450000166893005,0.7239309549331665,0.5657894611358643,0.4283333420753479,0.6248908042907715,0.6133333444595337,0.508948028087616,0.31333333253860474,0.38397181034088135,1.0,0.11518324911594391,0.01172821434219296,0.6117349946990442,0.6975174290022038,1.1271771769471837,0.008554783342345032,0.745464616775294,0.5060915912242128,1.3611531083757646,0.0006286390238951824,-0.19576343409107205,0.6936395685233832,0.0,1.4636916376483433,0.22259500755887626,-0.2923769308956876,1.687553775542335,0.014724653417157608,0.0,0.0
0.5450000166893005,0.7239309549331665,0.5657894611358643,0.4300000071525574,0.6248908042907715,0.6133333444595337,0.508948028087616,0.31333333253860474,0.38397181034088135,1.0,0.11518324911594391,0.010150725784099209,0.6111959793561526,0.6967826074911156,1.126734709413539,0.0070984217562081895,0.7461408860398592,0.506885888351055,1.3616621554420658,0.0006286390238951824,-0.19576343409107205,0.6936395685233832,0.0,1.4628174958061102,0.22236621245640414,-0.2922170571862035,1.68741142409865,0.015935204508629043,0.0,-0.0
0.5450000166893005,0.7239309549331665,0.5653508901596069,0.4300000071525574,0.6248908042907715,0.6133333444595337,0.508948028087616,0.31333333253860474,0.38397181034088135,1.0,0.11518324911594391,0.009706718316007697,0.6110517045388026,0.6965834235758259,1.1266140898953936,0.006687394860558972,0.7463251475448361,0.5070999818652534,1.3617984309296993,0.0006286390238951824,-0.19576343409107205,0.6936395685233832,0.0,1.4625807009181468,0.22230421116000543,-0.292173652231094,1.6873721644060584,0.016358275883592985,0.0,0.0
0.5450000166893005,0.7239309549331665,0.5653508901596069,0.4300000071525574,0.6248908042907715,0.6133333444595337,0.508948028087616,0.31333333253860474,0.38397181034088135,1.0,0.11518324911594391,0.009272449722675045,0.6109109499943225,0.6963882391184781,1.126495664730101,0.006285384710336421,0.7465056867574067,0.5073090245137176,1.3619312026908916,0.0006286390238951824,-0.19576343409107205,0.6936395685233832,0.0,1.4623491123225265,0.22224356688993982,-0.29213117587260695,1.6873335828061775,0.016358275883592985,0.0,0.0
0.5450000166893005,0.7236809134483337,0.5653508901596069,0.4300000071525574,0.624454140663147,0.6150000095367432,0.508948028087616,0.31333333253860474,0.38397181034088135,1.0,0.11518324911594391,0.008911285514314197,0.6107941794181908,0.6962256112982311,1.1263968079043447,0.00595104960064051,0.7466560937617056,0.5074825883921431,1.3620412053278506,0.0006286390238951824,-0.19576343409107205,0.6936395685233832,0.0,1.4621565191953307,0.22219312904534025,-0.29209583085905866,1.687301347108909,0.017397045536985137,-0.0,0.0
0.5450000166893005,0.7226806879043579,0.5635964870452881,0.43166667222976685,0.623580813407898,0.6150000095367432,0.508948028087616,0.3149999976158142,0.38397181034088135,1.0,0.11518324911594391,0.00833856345848884,0.6106093904588533,0.6959673251833588,1.1262395595766144,0.005420873541099686,0.7468949463423664,0.5077574393742036,1.3622150921819909,0.0006286390238951824,-0.19576343409107205,0.6936395685233832,0.0,1.4618511246783337,0.2221131432634273,-0.2920397567360287,1.6872500324550082,0.019487773227480222,-0.0,0.0
0.5450000166893005,0.7219305038452148,0.5609649419784546,0.4350000023841858,0.623580813407898,0.6166666746139526,0.5106940269470215,0.3149999976158142,0.38485249876976013,1.0,0.11465968936681747,0.007511545070936363,0.6103320988700635,0.6955766115636897,1.126000884870182,0.004657376031442796,0.7472542429424982,0.5081686022664597,1.3624743177365726,0.0006286390238951824,-0.19576343409107205,0.6936395685233832,0.0,1.4613930359668275,0.22199314971721373,-0.2919555804247307,1.6871725885951103,0.027962081473619373,0.0,0.0
0.5440000295639038,0.7204301357269287,0.5530701875686646,0.4350000023841858,0.6248908042907715,0.6183333396911621,0.5181143879890442,0.3166666626930237,0.39453986287117004,1.0,0.11465968936681747,0.006246496949022122,0.6099099364902782,0.6949768983261032,1.1256332686383226,0.003489498912864217,0.7478056262043469,0.5087955613135584,1.3628679705654823,0.0006286390238951824,-0.19576343409107205,0.6936395685233832,0.0,1.46069239163953,0.22180958430287712,-0.2918266824126784,1.68705305456924,0.04876620458376085,0.0,0.0
0.5440000295639038,0.7194298505783081,0.5486842393875122,0.43833333253860474,0.6248908042907715,0.6233333349227905,0.5211697816848755,0.3216666579246521,0.402906209230423,1.0,0.11465968936681747,0.004229036959946829,0.6092415595762875,0.6940154718450602,1.1250408342759846,0.0015494156686914516,0.7486890203072428,0.509790961638767,1.3634892435759622,0.0006286390238951824,-0.19576343409107205,0.6936395685233832,0.0,1.4595751964283517,0.2215167972425452,-0.2916207832692869,1.686859809771655,0.06331868933534175,0.0,0.0
0.5429999828338623,0.718679666519165,0.5464912056922913,0.43833333253860474,0.6253275275230408,0.6233333349227905,0.5246617197990417,0.3233333230018616,0.40642887353897095,1.0,0.11465968936681747,0.002302109146262391,0.6086367617789862,0.6931289718115184,1.1244903171728444,-0.00023431501160991542,0.7495078839945278,0.5106987151684751,1.3640497233793811,0.0006286390238951824,-0.19576343409107205,0.6936395685233832,0.0,1.4585482718149165,0.22124754020216925,-0.2914309810371622,1.6866783007442103,0.07109795994594123,0.0,0.0
0.5419999957084656,0.7166791558265686,0.538596510887146,0.4416666626930237,0.6253275275230408,0.628333330154419,0.5320820808410645,0.32499998807907104,0.41523557901382446,1.0,0.11465968936681747,-0.0005557019174410602,0.6077113886353374,0.691745024721807,1.1236239957906302,-0.002982459593245854,0.7507153838784122,0.5120172964347166,1.3648556006960944,0.0006286390238951824,-0.19576343409107205,0.6936395685233832,0.0,1.4569664428324207,0.2208326091114938,-0.2911378523952642,1.6863932164880238,0.09593484504660357,0.0,0.0
0.5410000085830688,0.7141785621643066,0.5276315808296204,0.4483333230018616,0.6270742416381836,0.6333333253860474,0.5416848659515381,0.33000001311302185,0.4249229431152344,1.0,0.11465968936681747,-0.004268301370304969,0.6065296031557239,0.6899262273998427,1.1224727634552403,-0.006409737437873965,0.7523844720815714,0.5138003548416702,1.3659287960283784,0.0006286390238951824,-0.19576343409107205,0.6936395685233832,0.0,1.4549121450977653,0.22029338724986638,-0.29075563608515614,1.6860119782929675,0.1290378970721578,0.0,0.0
0.5400000214576721,0.713178277015686,0.5241228342056274,0.44999998807907104,0.6292576193809509,0.6366666555404663,0.5451768040657043,0.3333333432674408,0.42888596653938293,1.0,0.11465968936681747,-0.008797407804997468,0.60512029297556,0.6876742698080036,1.121027347935028,-0.01076491800605157,0.7544501832048981,0.515942235867107,1.367190312798816,0.0006286390238951824,-0.19576343409107205,0.6936395685233832,0.0,1.4524070648011702,0.21963528126158907,-0.2902871119095678,1.685529635817072,0.1390767693187049,0.0,0.0
0.5389999747276306,0.712428092956543,0.519298255443573,0.4583333432674408,0.6305676698684692,0.6383333206176758,0.5504146814346313,0.33500000834465027,0.4346103072166443,1.0,0.11465968936681747,-0.01356713144399934,0.6037406869107359,0.6853592541675484,1.1195158048186165,-0.015179945841663791,0.7565808168891922,0.5180721615080922,1.3684101715636459,0.0006286390238951824,-0.19576343409107205,0.6936395685233832,0.0,1.4498687166683117,0.218967750515007,-0.2898093440361611,1.6850192937690327,0.15924879219213575,0.0,0.0
0.5389999747276306,0.7121780514717102,0.515350878238678,0.4633333384990692,0.636244535446167,0.6433333158493042,0.5578349828720093,0.3400000035762787,0.4416556656360626,1.0,0.11465968936681747,-0.018964918087460085,0.6022278361475326,0.6826898201790649,1.117743799873701,-0.020176288562269787,0.7590336898111728,0.5204349814680425,1.3697232218785065,0.0006286390238951824,-0.19576343409107205,0.6936395685233832,0.0,1.4469974008743733,0.2182118814829948,-0.28926542636694885,1.6844172094391145,0.1793892862226959,0.0,-0.0
0.5389999747276306,0.7114278674125671,0.5122807025909424,0.4650000035762787,0.6388646364212036,0.6449999809265137,0.5626363754272461,0.34166666865348816,0.4469396770000458,1.0,0.11465968936681747,-0.024103705262447768,0.6008400024723388,0.6800949485813317,1.1159902917223659,-0.024932884259968556,0.7614135598659864,0.5226331126665683,1.3709008984176447,0.0006286390238951824,-0.19576343409107205,0.6936395685233832,0.0,1.444265127025268,0.21749179221157142,-0.2887440847647401,1.683817532388918,0.19087433045049199,0.0,0.0
0.5379999876022339,0.7104275822639465,0.5087719559669495,0.4716666638851166,0.6401746869087219,0.6483333110809326,0.5661283135414124,0.34333333373069763,0.45178335905075073,1.0,0.11465968936681747,-0.030028901842711623,0.5992223605042896,0.6769184968165763,1.1138127385908811,-0.030402524682403814,0.7643090423724668,0.5252152066101418,1.372239437448957,0.0006286390238951824,-0.19576343409107205,0.6936395685233832,0.0,1.4409936898412505,0.2166286833433536,-0.28811555474401246,1.6830689748280672,0.2056036711911837,0.0,0.0
0.5379999876022339,0.709927499294281,0.5087719559669495,0.4749999940395355,0.6401746869087219,0.6516666412353516,0.5665647983551025,0.3466666638851166,0.45266401767730713,1.0,0.11465968936681747,-0.03597502558702837,0.5976685827877831,0.6736606650422597,1.1115392938048119,-0.035891573512245374,0.7672727954596934,0.5277393276986151,1.3734887593770346,0.0006286390238951824,-0.19576343409107205,0.6936395685233832,0.0,1.4377121658099519,0.21576182120870557,-0.28747987686307636,1.6822813334056888,0.2100439272548986,0.0,0.0
0.5379999876022339,0.7089272141456604,0.5087719559669495,0.47999998927116394,0.6401746869087219,0.653333306312561,0.5678743124008179,0.34833332896232605,0.4544253647327423,1.0,0.11465968936681747,-0.04212032997299379,0.5961354187523171,0.6702206877597078,1.1090975282569677,-0.041564643698103816,0.7703957150233228,0.5302782579796138,1.3746828741985608,0.0006286390238951824,-0.19576343409107205,0.6936395685233832,0.0,1.434322071213043,0.21486516706151412,-0.286817728536017,1.6814294143412964,0.21571267148369327,0.0,0.0
0.5379999876022339,0.7081770300865173,0.5057017803192139,0.48500001430511475,0.6401746869087219,0.6566666960716248,0.5700567364692688,0.351666659116745,0.4566270411014557,1.0,0.11465968936681747,-0.04860769105912835,0.5945967723467394,0.6665092663943206,1.1064184876708596,-0.04755371484863234,0.7737574730318808,0.5328822232628567,1.3758379445900453,0.0006286390238951824,-0.19576343409107205,0.6936395685233832,0.0,1.4307445689984866,0.21391775538002542,-0.2861129994590708,1.6804886102813843,0.22772056120688336,0.0,0.0
0.5370000004768372,0.7079269886016846,0.5057017803192139,0.4866666793823242,0.6401746869087219,0.6600000262260437,0.5700567364692688,0.35333332419395447,0.4575076997280121,1.0,0.11465968936681747,-0.05452673547112649,0.5932704444432941,0.663045610555549,1.1038756514218542,-0.05301840653152415,0.7768870380621454,0.535184379392381,1.3767905434255152,0.0006286390238951824,-0.19576343409107205,0.6936395685233832,0.0,1.4274815271271108,0.2130524976586489,-0.2854644125000646,1.6795901482922284,0.2304311231859602,0.0,-0.0
0.5370000004768372,0.706926703453064,0.503947377204895,0.49166667461395264,0.6401746869087219,0.6616666913032532,0.5709297060966492,0.35499998927116394,0.45970937609672546,1.0,0.11413612216711044,-0.06037364764723223,0.59209929329778,0.6596829349876021,1.1013624504959296,-0.05821500718913072,0.7800542162621941,0.5374345592167517,1.3776740549714876,0.0006286390238951824,-0.19576343409107205,0.6936395685233832,0.0,1.4243794973206476,0.2122289811386703,-0.2848427504743672,1.6787009118339182,0.23694648540661184,0.0,0.0
0.5379999876022339,0.7049262523651123,0.5008772015571594,0.503333330154419,0.6388646364212036,0.6650000214576721,0.5722392201423645,0.36000001430511475,0.46014970541000366,1.0,0.11465968936681747,-0.0667652255086162,0.5909823254376113,0.6561042413282165,1.0986387393871708,-0.0639148549575178,0.7835864331935418,0.5398326972175366,1.3785478903961161,0.0006286390238951824,-0.19576343409107205,0.6936395685233832,0.0,1.4209779091799635,0.21132496284156738,-0.284155712556492,1.6776890864295348,0.25064271104958336,-0.0,0.0
0.5370000004768372,0.7024255990982056,0.5008772015571594,0.5149999856948853,0.6340611577033997,0.6683333516120911,0.5709297060966492,0.3633333444595337,0.46014970541000366,1.0,0.11465968936681747,-0.07315525994505538,0.5898567464114143,0.6522750264177298,1.0956949614041163,-0.06959534118633869,0.7871700908227317,0.5421459423094034,1.3793149083762601,0.0006286390238951824,-0.19576343409107205,0.6936395685233832,0.0,1.4175886701032379,0.21042318019041925,-0.2834652758179764,1.6766406846835253,0.25790325239667783,-0.0,0.0
0.5379999876022339,0.7006751894950867,0.49868419766426086,0.5316666960716248,0.6318777203559875,0.6700000166893005,0.5709297060966492,0.3633333444595337,0.46014970541000366,1.0,0.11413612216711044,-0.08088317484459778,0.58859530253224,0.6475450736370111,1.0920072830400709,-0.07646605999653829,0.7915807246327771,0.5448509967362728,1.3801177459208964,0.0006286390238951824,-0.19576343409107205,0.6936395685233832,0.0,1.4134900661200285,0.2093314204347881,-0.28262315589882786,1.675324180061505,0.27192764601769875,-0.0,0.0
0.5370000004768372,0.7001750469207764,0.49780702590942383,0.550000011920929,0.631441056728363,0.67166668176651,0.5718027353286743,0.36500000953674316,0.46014970541000366,1.0,0.11413612216711044,-0.08878109291322583,0.5873446977957266,0.6424079531122399,1.0879513469838653,-0.08376194733744187,0.7963615181227968,0.5476035961811048,1.380810193265679,0.0006286390238951824,-0.19576343409107205,0.6936395685233832,0.0,1.4091386193260322,0.2081707596786736,-0.2817197652617477,1.673863717057576,0.28871295712796696,0.0,0.0
0.5379999876022339,0.7006751894950867,0.4973684251308441,0.5666666626930237,0.6349344849586487,0.675000011920929,0.5722392201423645,0.36666667461395264,0.4632320702075958,1.0,0.11413612216711044,-0.09585137675647554,0.5865102102467409,0.6380513467122929,1.0844252848511287,-0.09007080957980629,0.8005843229349485,0.5498731615523577,1.3812622781771344,0.0006286390238951824,-0.19576343409107205,0.6936395685233832,0.0,1.4053763307064635,0.2071658593078236,-0.28093001129417033,1.6725431207876449,0.3030899814007405,0.0,-0.0
0.5370000004768372,0.7009252309799194,0.4964912235736847,0.5833333134651184,0.6358078718185425,0.6833333373069763,0.5739851593971252,0.375,0.4702773988246918,1.0,0.11413612216711044,-0.10496552410577333,0.5854497371571251,0.6320515334491102,1.0795281247388333,-0.09817849650877357,0.8061093387247537,0.5526661946128598,1.3816805099377265,0.0006286390238951824,-0.19576343409107205,0.6936395685233832,0.0,1.4005415429869876,0.20587299882305304,-0.279905343207113,1.6707814539331072,0.32527428122518115,0.0,0.0
0.5370000004768372,0.7009252309799194,0.49561402201652527,0.5899999737739563,0.6358078718185425,0.6833333373069763,0.5748581290245056,0.375,0.47071775794029236,1.0,0.11413612216711044,-0.1135828262345546,0.5846136463019357,0.6262154902070406,1.0746833903772812,-0.10584647303395109,0.8114534580178624,0.5551565675415646,1.3818784538275042,0.0006286390238951824,-0.19576343409107205,0.6936395685233832,0.0,1.3959689397708241,0.20464847757919213,-0.27892417184225454,1.6690363895555962,0.33309898025695933,0.0,0.0
0.5360000133514404,0.6984245777130127,0.4899122714996338,0.6083333492279053,0.6371179223060608,0.6899999976158142,0.5796595215797424,0.37833333015441895,0.4795244336128235,1.0,0.11413612216711044,-0.12341687567649157,0.5839584662683118,0.6196589364157511,1.0691276561458984,-0.11462860303317718,0.8177020821911551,0.5578438854335332,1.3818912637195382,0.0006286390238951824,-0.19576343409107205,0.6936395685233832,0.0,1.3907314835689952,0.20324405639316656,-0.27778702523555243,1.666951574418176,0.36133596412917074,0.0,0.0
0.5360000133514404,0.6914228796958923,0.4684210419654846,0.6266666650772095,0.6379912495613098,0.6966666579246521,0.5892623066902161,0.38499999046325684,0.4914134740829468,1.0,0.11413612216711044,-0.13416267217378355,0.583342283438838,0.6119638257036522,1.0625339455773086,-0.12419727874688537,0.8246693581443058,0.5605645627747377,1.3816383303017186,0.0006286390238951824,-0.19576343409107205,0.6936395685233832,0.0,1.3850238790655671,0.20171132761455723,-0.2765308637712789,1.6645715587206034,0.4070195326923503,0.0,0.0
0.5360000133514404,0.6896724104881287,0.46271929144859314,0.6399999856948853,0.6379912495613098,0.6983333230018616,0.5923177599906921,0.3866666555404663,0.49537649750709534,1.0,0.11465968936681747,-0.1455454760251993,0.5830879989184586,0.6038821043247822,1.0554488275197014,-0.13437122356578757,0.8322607520420285,0.5632150586609056,1.3810600214410216,0.0006286390238951824,-0.19576343409107205,0.6936395685233832,0.0,1.378953329554704,0.20007864270188536,-0.27517475090781823,1.6619140274475648,0.42653327102970395,0.0,0.0
0.5360000133514404,0.6891722679138184,0.4622806906700134,0.6566666960716248,0.6393013000488281,0.70333331823349,0.5945002436637878,0.3916666805744171,0.4980185031890869,1.0,0.11465968936681747,-0.15691136672554218,0.5830239314782345,0.5952652792185958,1.047794666595712,-0.14493165678009695,0.8403421400424494,0.5656962239244644,1.3801177876456507,0.0006286390238951824,-0.19576343409107205,0.6936395685233832,0.0,1.3726492595056445,0.1983805253780424,-0.2737437406381018,1.659013746947979,0.44569446856512224,0.0,0.0
0.5360000133514404,0.6871718168258667,0.4618421196937561,0.6733333468437195,0.6401746869087219,0.70333331823349,0.5979921221733093,0.3933333456516266,0.5002201795578003,1.0,0.11465968936681747,-0.17039226511045466,0.5834109967168025,0.5850242789346733,1.0385023777583253,-0.15699323994788644,0.8498105359534707,0.5682065133452372,1.378635180948291,0.0006286390238951824,-0.19576343409107205,0.6936395685233832,0.0,1.3654446053094975,0.19643685807677672,-0.27208057384447404,1.6555308364200623,0.46248202666036675,0.0,0.0
0.5360000133514404,0.6849212050437927,0.4583333432674408,0.675000011920929,0.6432314515113831,0.7049999833106995,0.600174605846405,0.3933333456516266,0.5011008381843567,1.0,0.11465968936681747,-0.182538752536409,0.5841392782181902,0.5754279641900782,1.029628549807563,-0.16786911735653065,0.8585928944731599,0.5701327416038654,1.3768781330660218,0.0006286390238951824,-0.19576343409107205,0.6936395685233832,0.0,1.3589425116243825,0.19467984682368272,-0.270550108664678,1.6522121787546433,0.46795388995346704,0.0,-0.0
0.5360000133514404,0.6841710209846497,0.45745614171028137,0.675000011920929,0.6445415019989014,0.7049999833106995,0.602357029914856,0.39500001072883606,0.5041831731796265,1.0,0.11465968936681747,-0.19600597060777797,0.5855416497258269,0.5651326396262593,1.019853975680801,-0.1795371909539243,0.8682514805415359,0.5718686993571035,1.3745844737040085,0.0006286390238951824,-0.19576343409107205,0.6936395685233832,0.0,1.3519600910084226,0.19279043017192252,-0.2688770436446308,1.6484764674690626,0.47201842203937633,0.0,0.0
0.5339999794960022,0.6801700592041016,0.45394736528396606,0.6800000071525574,0.6506550312042236,0.7049999833106995,0.6089044213294983,0.39666667580604553,0.510347843170166,1.0,0.11465968936681747,-0.2095801307582225,0.5870972156234917,0.5532523501105758,1.0085440101764809,-0.19218747366232583,0.8789982415440835,0.5733611857977,1.3716194430085211,0.0006286390238951824,-0.19576343409107205,0.6936395685233832,0.0,1.3443808178438676,0.1907366673401144,-0.26702538129097075,1.6442187838802411,0.4851155100483148,0.0,-0.0
0.5339999794960022,0.6749187111854553,0.43377193808555603,0.6816666722297668,0.6589519381523132,0.721666693687439,0.6224356293678284,0.41333332657814026,0.5239982604980469,1.0,0.11465968936681747,-0.2229878949443523,0.5892706047092968,0.54172373110232,0.9972823291679827,-0.2037884728808709,0.8891275490564263,0.5743367687165154,1.3684209408345056,0.0006286390238951824,-0.19576343409107205,0.6936395685233832,0.0,1.3374198294728297,0.18884783089356783,-0.2652879775599411,1.6401038222369477,0.5319294561058664,0.0,0.0
0.5339999794960022,0.6749187111854553,0.4328947365283966,0.6816666722297668,0.659825325012207,0.721666693687439,0.6228721141815186,0.41333332657814026,0.5253192186355591,1.0,0.11465968936681747,-0.2368124002379179,0.5919924087554862,0.5293685088336854,0.9850167615898314,-0.2157643283226148,0.8998443834526013,0.5749658971322662,1.3646607968794155,0.0006286390238951824,-0.19576343409107205,0.6936395685233832,0.0,1.3302226810292408,0.18689265286313902,-0.2634553251884814,1.6356523267847578,0.5335065437736575,0.0,-0.0
0.5339999794960022,0.6744186282157898,0.4333333373069763,0.6816666722297668,0.6602619886398315,0.721666693687439,0.6246180534362793,0.41333332657814026,0.5253192186355591,1.0,0.11465968936681747,-0.250672233249134,0.5952398278271039,0.5164764543864345,0.9720085389377049,-0.22778664215623637,0.9108737345345891,0.5751996369551056,1.3604060106051896,0.0006286390238951824,-0.19576343409107205,0.6936395685233832,0.0,1.32298463443613,0.1849242342088855,-0.2615730638763219,1.6309679896406515,0.536127197875858,0.0,0.0
0.5339999794960022,0.6734183430671692,0.43114036321640015,0.6833333373069763,0.6611353754997253,0.721666693687439,0.6254910230636597,0.4116666615009308,0.5261999368667603,1.0,0.11465968936681747,-0.261974502384986,0.5983321812178648,0.5055303245715127,0.9607858636524469,-0.23760435337790245,0.9201041415814654,0.5750589715261143,1.3565329890461568,0.0006286390238951824,-0.19576343409107205,0.6936395685233832,0.0,1.3170620940561903,0.18331200919546775,-0.259999356553184,1.6269617688126876,0.5391872403647446,0.0,-0.0
0.5339999794960022,0.6706676483154297,0.42500001192092896,0.6833333373069763,0.6620087623596191,0.7233333587646484,0.6263640522956848,0.41333332657814026,0.5275208950042725,1.0,0.11465968936681747,-0.2757318212862141,0.6025581634507834,0.4917555597658551,0.946480060574654,-0.24956934771021283,0.9315777037170313,0.574552293610653,1.3514111081957862,0.0006286390238951824,-0.19576343409107205,0.6936395685233832,0.0,1.3098313316201102,0.18134227987532123,-0.2580432373150081,1.6218951055239181,0.5418967595946753,0.0,-0.0
0.5339999794960022,0.6676669120788574,0.41842105984687805,0.6850000023841858,0.6620087623596191,0.7300000190734863,0.6285464763641357,0.41999998688697815,0.5297225713729858,1.0,0.11465968936681747,-0.2896187403241046,0.6074185486017667,0.4772699414929829,0.9312010995760075,-0.2616660109450039,0.9434562830272448,0.5736204388101519,1.345731119600958,0.0006286390238951824,-0.19576343409107205,0.6936395685233832,0.0,1.3025039902135014,0.17934474626887442,-0.256016369221727,1.616540638232373,0.5515896812367883,0.0,0.0
0.5339999794960022,0.6649162173271179,0.41140350699424744,0.6850000023841858,0.6620087623596191,0.7316666841506958,0.6289829611778259,0.4216666519641876,0.5332452654838562,1.0,0.11465968936681747,-0.3035432872197099,0.6129288385510023,0.4621217328519148,0.9149730043420728,-0.2738157376529853,0.9556733939693856,0.5722505277580445,1.3395081033668974,0.0006286390238951824,-0.19576343409107205,0.6936395685233832,0.0,1.2951257953664401,0.17733207807141538,-0.25392797713118104,1.610920760014567,0.5539580755322864,0.0,0.0
0.5350000262260437,0.6616654396057129,0.4035087823867798,0.6850000023841858,0.6620087623596191,0.7300000190734863,0.6329113841056824,0.41999998688697815,0.537648618221283,1.0,0.11465968936681747,-0.3168932408766184,0.6188698453669959,0.4471001782151574,0.8986065441454847,-0.2854560797321291,0.9684944893473113,0.5708134146283106,1.3329875366524824,0.0006286390238951824,-0.19576343409107205,0.6936395685233832,0.0,1.2877293316101552,0.17531340925605302,-0.25178443258381134,1.6050526609427034,0.5624002681948708,0.0,0.0
0.5339999794960022,0.6599149703979492,0.4004386067390442,0.6850000023841858,0.6624454259872437,0.7300000190734863,0.6342208385467529,0.4216666519641876,0.5394099354743958,1.0,0.11465968936681747,-0.32899818839540257,0.6248537019858892,0.432892137506257,0.882895052748069,-0.296029916196978,0.9804073156149178,0.569099726730316,1.3265787991825748,0.0006286390238951824,-0.19576343409107205,0.6936395685233832,0.0,1.2809927805401946,0.17347416822446543,-0.2497844870975621,1.5994904111814587,0.5645639947704123,0.0,0.0
0.5350000262260437,0.6566641926765442,0.39254385232925415,0.6850000023841858,0.6628820896148682,0.7283333539962769,0.6368398070335388,0.41999998688697815,0.5429326295852661,1.0,0.11465968936681747,-0.3424852412271444,0.6321646071151046,0.4164269417280451,0.8644384089156724,-0.3078312135141026,0.9939773243525545,0.5667650921204064,1.3189240204123103,0.0006286390238951824,-0.19576343409107205,0.6936395685233832,0.0,1.2734549944210625,0.17141573332627347,-0.2474960104492801,1.593040810155843,0.5697902912775288,0.0,0.0
0.5350000262260437,0.6534133553504944,0.38684210181236267,0.6866666674613953,0.6615720391273499,0.7283333539962769,0.6385857462882996,0.41999998688697815,0.5442536473274231,1.0,0.11465968936681747,-0.35541041527417894,0.6398973143529604,0.4003000299088079,0.8460222705799818,-0.31875226291625935,1.0068231932341463,0.5641600031604462,1.3113107880577985,0.0006286390238951824,-0.19576343409107205,0.6936395685233832,0.0,1.2664584666260814,0.16950492079260407,-0.24531699988493702,1.5868156261699031,0.5734060932510716,-0.0,0.0
0.5350000262260437,0.6494123339653015,0.38289472460746765,0.6866666674613953,0.6554585099220276,0.7283333539962769,0.6385857462882996,0.41999998688697815,0.5451343059539795,1.0,0.11465968936681747,-0.3673404780412855,0.6477184931451517,0.3847361933018784,0.8279876420192914,-0.3288550680750149,1.0189581601942614,0.5613612442793301,1.3038040104237725,0.0006286390238951824,-0.19576343409107205,0.6936395685233832,0.0,1.2599670788157098,0.16773215319823542,-0.24324593176977222,1.5808303484380373,0.5691102779636886,-0.0,0.0
0.5350000262260437,0.6436609029769897,0.375,0.6866666674613953,0.6475982666015625,0.7300000190734863,0.637276291847229,0.41999998688697815,0.5455746650695801,1.0,0.11465968936681747,-0.3782506056687922,0.65547077723685,0.37019879740229306,0.8108573592868641,-0.33779000992066527,1.0299004507466034,0.5585612294949736,1.2967764599551377,0.0006286390238951824,-0.19576343409107205,0.6936395685233832,0.0,1.2542096389567265,0.1661600889408459,-0.2413666799812327,1.575346168515668,0.5619681825460081,-0.0,0.0
0.5350000262260437,0.6376594305038452,0.3675438463687897,0.6866666674613953,0.6423580646514893,0.7300000190734863,0.6355303525924683,0.41999998688697815,0.5455746650695801,1.0,0.11465968936681747,-0.38976587254449424,0.6642872509296402,0.3542225945038853,0.7917907281189622,-0.3472419034110399,1.041676522994494,0.5552893286365932,1.2889704414503969,0.0006286390238951824,-0.19576343409107205,0.6936395685233832,0.0,1.248102963749647,0.1644930872638712,-0.23933205223147466,1.5693612352348278,0.5519050863401204,-0.0,0.0
0.5350000262260437,0.6369092464447021,0.3653508722782135,0.6866666674613953,0.6436681151390076,0.7266666889190674,0.637276291847229,0.41999998688697815,0.5473359823226929,1.0,0.11465968936681747,-0.40427632419284126,0.6763673111902365,0.3327316922185217,0.7658549415381257,-0.3590767228711961,1.0571962114070936,0.550878344592317,1.2785925270500327,0.0006286390238951824,-0.19576343409107205,0.6936395685233832,0.0,1.2400859460226243,0.16230542157300923,-0.23660119621216671,1.5612660328689305,0.5543008116831598,0.0,-0.0
0.5350000262260437,0.6371592879295349,0.3653508722782135,0.6883333325386047,0.6467248797416687,0.7266666889190674,0.6385857462882996,0.4183333218097687,0.5486570000648499,1.0,0.11413612216711044,-0.41549839373667463,0.6867190675918962,0.31510491851906075,0.7441771948559445,-0.36825940015293995,1.0695183876572536,0.5470229362654964,1.2700183808211123,0.0006286390238951824,-0.19576343409107205,0.6936395685233832,0.0,1.2338434508998923,0.16060311796027976,-0.23441114178994854,1.554714487485608,0.5590218068317795,0.0,-0.0
0.5350000262260437,0.6366591453552246,0.36096492409706116,0.6883333325386047,0.6554585099220276,0.7266666889190674,0.6490615606307983,0.4183333218097687,0.5535006523132324,1.0,0.11413612216711044,-0.42637462535826126,0.6976013929230754,0.29717402999948483,0.7217790360040595,-0.3771825852384257,1.081710057255691,0.542941841287767,1.26128088966967,0.0006286390238951824,-0.19576343409107205,0.6936395685233832,0.0,1.227759858811689,0.1589452458544295,-0.23222626235074437,1.5481371738681773,0.5856386561336939,0.0,-0.0
0.5350000262260437,0.6359089612960815,0.34736841917037964,0.6866666674613953,0.6698690056800842,0.7283333539962769,0.663902223110199,0.41999998688697815,0.5658300518989563,1.0,0.11361256241798401,-0.43835284536121394,0.710594993659636,0.27642103584345323,0.695434803982968,-0.3870357438631692,1.0954121120390954,0.5380684331655985,1.2511856624453486,0.0006286390238951824,-0.19576343409107205,0.6936395685233832,0.0,1.2210227512752576,0.1571106961482959,-0.22974995529663853,1.5406415075223046,0.6280668548532713,0.0,-0.0
0.5339999794960022,0.6359089612960815,0.3456140458583832,0.6850000023841858,0.6751091480255127,0.7283333539962769,0.6682671308517456,0.41999998688697815,0.5675913691520691,1.0,0.11413612216711044,-0.4509859106522866,0.7255030365742423,0.25368104381660156,0.665942145645082,-0.3970936002708542,1.1096767996812242,0.5326704518998205,1.2403620204855272,0.0006286390238951824,-0.19576343409107205,0.6936395685233832,0.0,1.2141229636672086,0.15523373265554138,-0.22714693704653433,1.5327197757311837,0.6381330223029419,0.0,-0.0
0.5339999794960022,0.635408878326416,0.3434210419654846,0.6850000023841858,0.6781659126281738,0.7300000190734863,0.6713225841522217,0.41999998688697815,0.5693526864051819,1.0,0.11413612216711044,-0.46246611726650827,0.7402836332020569,0.23225046162961224,0.6374432422381389,-0.40629377117706883,1.1234337225629345,0.5273734251407379,1.2298324034620318,0.0006286390238951824,-0.19576343409107205,0.6936395685233832,0.0,1.2077895442717026,0.15351290262610107,-0.2246919433900015,1.5252127728664966,0.6469476253901894,0.0,-0.0
0.5329999923706055,0.634658694267273,0.3399122953414917,0.6850000023841858,0.6816594004631042,0.7300000190734863,0.6752510070800781,0.41999998688697815,0.5706737041473389,1.0,0.11413612216711044,-0.4750772774807606,0.7581063515288333,0.20713940663594496,0.603331086390239,-0.4164333582147186,1.1388853229761802,0.5210977936252376,1.2176857461829327,0.0006286390238951824,-0.19576343409107205,0.6936395685233832,0.0,1.2007864190219468,0.1516125022331599,-0.22190785189200812,1.516667512861101,0.6575341908726805,0.0,-0.0
0.5329999923706055,0.632408082485199,0.3328947424888611,0.6833333373069763,0.6860262155532837,0.7300000190734863,0.6809253692626953,0.41999998688697815,0.5737560391426086,1.0,0.11361256241798401,-0.4871651099484731,0.7771729538426071,0.18112291862446941,0.5670296137239279,-0.42618769260953554,1.154068298961083,0.5145835815845604,1.2054055975687736,0.0006286390238951824,-0.19576343409107205,0.6936395685233832,0.0,1.1940241848699402,0.14978036183346494,-0.21914217235267847,1.5081492432449766,0.6705666332799466,0.0,-0.0
0.531000018119812,0.6284071207046509,0.3267543911933899,0.6833333373069763,0.6912663578987122,0.7283333539962769,0.6865997314453125,0.4166666567325592,0.5790400505065918,1.0,0.11361256241798401,-0.4992332320871047,0.7985463070516583,0.15287951879660888,0.526400559857565,-0.43551670149700134,1.1694065870865011,0.5079238375377241,1.192913297431027,0.0006286390238951824,-0.19576343409107205,0.6936395685233832,0.0,1.1872236703617887,0.14794100828082,-0.21628234219506828,1.4993171490887296,0.6798839163423764,0.0,-0.0
0.5299999713897705,0.6224055886268616,0.31228071451187134,0.6833333373069763,0.699126660823822,0.7266666889190674,0.6966390013694763,0.4166666567325592,0.5847644209861755,1.0,0.11361256241798401,-0.5104977809504444,0.8212663895740814,0.12387366553654144,0.4830802996341321,-0.44425953539610735,1.1840767578313582,0.5012454191654336,1.1806533287446794,0.0006286390238951824,-0.19576343409107205,0.6936395685233832,0.0,1.180828620421407,0.14621465175182116,-0.21351550779889236,1.4907542459248044,0.7012525314365996,0.0,-0.0
0.5299999713897705,0.6216554045677185,0.3114035129547119,0.6816666722297668,0.7013100385665894,0.7283333539962769,0.6996944546699524,0.41499999165534973,0.5852047801017761,1.0,0.11361256241798401,-0.5230659994457453,0.8504488517446422,0.08794502502183657,0.42693582585516754,-0.4540513130976913,1.2008303859622735,0.4932925200379008,1.1663186636732548,0.0006286390238951824,-0.19576343409107205,0.6936395685233832,0.0,1.1736426607550188,0.14427867499157232,-0.21032099680151023,1.480853538452691,0.707431903831084,0.0,-0.0
0.527999997138977,0.6179044842720032,0.30921053886413574,0.6816666722297668,0.7065502405166626,0.7283333539962769,0.7044958472251892,0.41499999165534973,0.5852047801017761,1.0,0.11361256241798401,-0.5339770081415176,0.880734507940297,0.052647128297306396,0.36763331573958136,-0.4622979471476974,1.2152588020456276,0.48613346254523027,1.1536519335533333,0.0006286390238951824,-0.19576343409107205,0.6936395685233832,0.0,1.1675677364014065,0.14264609638599662,-0.20753562048224147,1.472211960936538,0.7132959231891145,0.0,-0.0
0.527999997138977,0.6174043416976929,0.30657893419265747,0.6816666722297668,0.7100436687469482,0.7283333539962769,0.7075513005256653,0.41499999165534973,0.5874064564704895,1.0,0.11308900266885757,-0.5450961525282823,0.9189405207989176,0.01064470277539805,0.28982192770201026,-0.4707345894863284,1.2307792899045185,0.4783823918737702,1.1399583999824041,0.0006286390238951824,-0.19576343409107205,0.6936395685233832,0.0,1.1613324422024758,0.14097428935686998,-0.2045998323348253,1.4631002220452778,0.7217980085454833,0.0,-0.0
0.527999997138977,0.6174043416976929,0.3070175349712372,0.6816666722297668,0.7113537192344666,0.7283333539962769,0.7106066942214966,0.41499999165534973,0.5882871150970459,1.0,0.11308900266885757,-0.5571915403271269,0.9757344748059281,-0.045260959338575484,0.16308743966985642,-0.4795070793835692,1.2478471062534957,0.46982022861912076,1.1248387994169642,0.0006286390238951824,-0.19576343409107205,0.6936395685233832,0.0,1.1545014204152741,0.13914747666509839,-0.20129357666098163,1.4528390104419981,0.729201180549299,0.0,0.0
0.527999997138977,0.6174043416976929,0.3070175349712372,0.6800000071525574,0.7122270464897156,0.7283333539962769,0.7114797234535217,0.41499999165534973,0.5882871150970459,1.0,0.11308900266885757,-0.5689633254936517,1.0661601376320424,-0.07596944761109664,-0.1721911712589699,-0.4882054723463337,1.2640383877784336,0.4608808444198502,1.109658681416996,0.0006286390238951824,-0.19576343409107205,0.6936395685233832,0.0,1.1480288797673124,0.13742186192222428,-0.19806339581157822,1.4428189924864026,0.7301930756223913,0.0,-0.0
0.527999997138977,0.6176544427871704,0.3070175349712372,0.6800000071525574,0.7126637697219849,0.7283333539962769,0.7123526930809021,0.41499999165534973,0.5891677737236023,1.0,0.11308900266885757,-0.5795759360003978,0.99452911959849,0.008331686900640928,-0.060274326513888185,-0.49565601884881355,1.2791808563017109,0.4527084373696879,1.0956188014694082,0.0006286390238951824,-0.19576343409107205,0.6936395685233832,0.0,1.142186138566068,0.13586910552751782,-0.1950604104759259,1.4335123892152197,0.7328553928203398,0.0,0.0
0.527999997138977,0.6179044842720032,0.3070175349712372,0.6800000071525574,0.7135370969772339,0.7283333539962769,0.7136621475219727,0.41499999165534973,0.5896080732345581,1.0,0.11308900266885757,-0.5901953518062201,0.7371037201115018,0.1889383552137461,0.6443499780310042,-0.5033877218884079,1.2952083144443371,0.4437953431663972,1.080465843648088,0.0006286390238951824,-0.19576343409107205,0.6936395685233832,0.0,1.1361047064450829,0.13425792451012097,-0.19184941763097849,1.423573098628146,0.7367088239292191,0.0,-0.0
0.527999997138977,0.6191548109054565,0.3070175349712372,0.6783333420753479,0.7135370969772339,0.7266666889190674,0.7136621475219727,0.41499999165534973,0.5891677737236023,1.0,0.11308900266885757,-0.6008367019702364,0.7565498461466016,0.16475771572046036,0.6081887832458951,-0.5104512885191257,1.31016366377783,0.43522655981921315,1.0660410410926013,0.0006286390238951824,-0.19576343409107205,0.6936395685233832,0.0,1.1305311817606716,0.1327864348756954,-0.18882190822044817,1.4142166572253012,0.7373167758164273,0.0,-0.0
0.527999997138977,0.6191548109054565,0.3070175349712372,0.6783333420753479,0.7135370969772339,0.7266666889190674,0.7136621475219727,0.41499999165534973,0.5891677737236023,1.0,0.11308900266885757,-0.6115948856965312,0.7779931661591957,0.1390871537710502,0.5685075194089173,-0.5176580213496101,1.3257299706806291,0.426070638073805,1.050752767481952,0.0006286390238951824,-0.19576343409107205,0.6936395685233832,0.0,1.1248278825365654,0.1312858292506225,-0.18564124874781557,1.4044041854341767,0.7373167758164273,0.0,0.0
0.527999997138977,0.618904709815979,0.3070175349712372,0.6783333420753479,0.7135370969772339,0.7283333539962769,0.7140986323356628,0.41499999165534973,0.5900484323501587,1.0,0.11308900266885757,-0.6209433348249582,0.7988054343524691,0.1147874885525899,0.5295790230196956,-0.5236455915265519,1.339435437018223,0.41801902583443307,1.0372669105986227,0.0006286390238951824,-0.19576343409107205,0.6936395685233832,0.0,1.1198247239622152,0.1299743674692107,-0.18277396122957223,1.395576849533697,0.7386134367029636,0.0,0.0
0.527999997138977,0.6179044842720032,0.3070175349712372,0.6800000071525574,0.7144104838371277,0.7283333539962769,0.714535117149353,0.41499999165534973,0.5913694500923157,1.0,0.11308900266885757,-0.6323351027711702,0.827127402423846,0.08254120331545504,0.4758460592142346,-0.530986077256895,1.3565469587165362,0.40774009963859165,1.0201597297495315,0.0006286390238951824,-0.19576343409107205,0.6936395685233832,0.0,1.113676529926494,0.12836840394007995,-0.17916418460264608,1.3844864868068172,0.7390211097372676,0.0,-0.0
0.5270000100135803,0.616404116153717,0.3070175349712372,0.6800000071525574,0.7152838706970215,0.7300000190734863,0.7162811160087585,0.4166666567325592,0.5922501087188721,1.0,0.11308900266885757,-0.6414677646012009,0.8532907900352663,0.0541585607286209,0.42525004232467123,-0.5369313190248426,1.3711549266323089,0.398910545644399,1.0054538290839135,0.0006286390238951824,-0.19576343409107205,0.6936395685233832,0.0,1.1086823327105435,0.1270698744619135,-0.1761425652283872,1.375228966080098,0.7412588982298156,0.0,-0.0
0.5270000100135803,0.616404116153717,0.30657893419265747,0.6800000071525574,0.7152838706970215,0.7283333539962769,0.7162811160087585,0.4166666567325592,0.5922501087188721,1.0,0.11308900266885757,-0.6512215352939286,0.8870977484424619,0.01826944558499209,0.3566169570965818,-0.5432821644232815,1.386607632063073,0.38917524850280205,0.9894483285567631,0.0006286390238951824,-0.19576343409107205,0.6936395685233832,0.0,1.1033344875167075,0.12568494185669526,-0.17282604557545195,1.3650932380543912,0.74077194700097,0.0,0.0
0.5270000100135803,0.6166541576385498,0.30657893419265747,0.6783333420753479,0.7152838706970215,0.7283333539962769,0.7162811160087585,0.4166666567325592,0.5922501087188721,1.0,0.11308900266885757,-0.6607231784121227,0.9290020916777647,-0.02309025342649034,0.26535443022627603,-0.5497191118238214,1.4026117155112807,0.37887416611979097,0.9725919761465607,0.0006286390238951824,-0.19576343409107205,0.6936395685233832,0.0,1.0978999161608098,0.12428394284952474,-0.16936444573366863,1.354544451388065,0.7401388141462708,0.0,-0.0
0.5270000100135803,0.618904709815979,0.30877193808555603,0.6783333420753479,0.7139738202095032,0.7283333539962769,0.714535117149353,0.4183333218097687,0.5904887914657593,1.0,0.11308900266885757,-0.6696034300017375,0.9824221702925086,-0.06578713833573799,0.12907747499853178,-0.5555854592033008,1.4179737906909406,0.3689590471368277,0.9563246426189864,0.0006286390238951824,-0.19576343409107205,0.6936395685233832,0.0,1.0929337355449118,0.12300999123045822,-0.16611311283897143,1.3446673490270415,0.7386419546700204,-0.0,0.0
0.5270000100135803,0.624406099319458,0.31885963678359985,0.6766666769981384,0.7087336182594299,0.7233333587646484,0.7071148157119751,0.4183333218097687,0.5852047801017761,1.0,0.11308900266885757,-0.6790271584977222,1.020808084245899,0.047291671204053615,-0.3178694495327841,-0.5618366048971738,1.4347045153171563,0.35794506340154736,0.9383193801163145,0.0006286390238951824,-0.19576343409107205,0.6936395685233832,0.0,1.087628610619873,0.12165559925997352,-0.16255057837480869,1.3338777041321892,0.7197465163780138,-0.0,0.0
0.5270000100135803,0.6301575303077698,0.33114033937454224,0.6783333420753479,0.703930139541626,0.7166666388511658,0.7014403939247131,0.41499999165534973,0.5825627446174622,1.0,0.11308900266885757,-0.6875092313278989,0.9795437103670693,0.07642072738292843,-0.2003020719064902,-0.5672642594726124,1.4495880749149976,0.34794453492590394,0.9220222858993464,0.0006286390238951824,-0.19576343409107205,0.6936395685233832,0.0,1.0830099760638872,0.1204828699548863,-0.159362880139023,1.3242562938997016,0.7054375861804205,-0.0,0.0
0.5270000100135803,0.6381595134735107,0.34736841917037964,0.6783333420753479,0.6986899375915527,0.7049999833106995,0.6896551847457886,0.40666666626930237,0.5777190923690796,1.0,0.11308900266885757,-0.694735363412788,0.9379815466450354,0.06536044805701585,0.013960659912049367,-0.5719005839233906,1.462585512993454,0.3390588093574098,0.9075727515924994,0.0006286390238951824,-0.19576343409107205,0.6936395685233832,0.0,1.079055359140521,0.1194837796389475,-0.15656681638758346,1.3158433539698489,0.6737731887419168,-0.0,0.0
0.5270000100135803,0.6454113721847534,0.3614034950733185,0.6766666769981384,0.6947598457336426,0.6983333230018616,0.682671308517456,0.4033333361148834,0.5755174160003662,1.0,0.11308900266885757,-0.7019531145763254,1.1077747066759376,-0.1871430555950901,-0.1257849547047458,-0.5765556331250742,1.4758949205631533,0.32982717880326595,0.8925811200169544,0.0006286390238951824,-0.19576343409107205,0.6936395685233832,0.0,1.0750766006476047,0.11848313575392205,-0.15369436006217496,1.3072246688804838,0.6551818264865387,-0.0,0.0
0.527999997138977,0.6531633138656616,0.3758772015571594,0.6766666769981384,0.6903930306434631,0.6949999928474426,0.6761239767074585,0.398333340883255,0.5715543627738953,1.0,0.11308900266885757,-0.7086471990734035,1.064859358568691,-0.12761296651514525,-0.07805451286038849,-0.5808307362613755,1.488372080127847,0.3210487724767296,0.8783386495685386,0.0006286390238951824,-0.19576343409107205,0.6936395685233832,0.0,1.0714149624070857,0.1175666424008076,-0.15099426701260785,1.299146646093052,0.6400328193362786,-0.0,0.0
0.5289999842643738,0.6581645607948303,0.3815789520740509,0.6766666769981384,0.6890829801559448,0.6933333277702332,0.6713225841522217,0.39500001072883606,0.5689123868942261,1.0,0.11308900266885757,-0.7148511581918029,1.0043281847149146,-0.043007030441533936,-0.01265594476895289,-0.5849556422556036,1.5006502842197675,0.31229888946220075,0.8641486199891014,0.0006286390238951824,-0.19576343409107205,0.6936395685233832,0.0,1.0678751139062497,0.11668471060260052,-0.14833214838414002,1.291204155198432,0.6323290983795364,-0.0,-0.0
0.5299999713897705,0.6629157066345215,0.38947367668151855,0.6766666769981384,0.687336266040802,0.6933333277702332,0.6687036156654358,0.39500001072883606,0.5675913691520691,1.0,0.11308900266885757,-0.7208682831710032,0.7854967310720513,0.27826842225078435,0.1808830075731538,-0.5887480131569827,1.5126071896558682,0.3038436660612068,0.8503435227038374,0.0006286390238951824,-0.19576343409107205,0.6936395685233832,0.0,1.0644333334994203,0.11583120017010948,-0.145693696127545,1.2833537904516907,0.6281290145069872,-0.0,0.0
0.5299999713897705,0.6666666865348816,0.394298255443573,0.6766666769981384,0.6855894923210144,0.6949999928474426,0.6673941612243652,0.39500001072883606,0.5667107105255127,1.0,0.11308900266885757,-0.7264573927425676,0.8111226384522529,0.24298406887468665,0.1529322492501116,-0.5922109183340813,1.52373633739854,0.29587977981253616,0.837340390344068,0.0006286390238951824,-0.19576343409107205,0.6936395685233832,0.0,1.061285610436138,0.11505429769479018,-0.1432349112454183,1.2760579303782662,0.6285767109844523,-0.0,0.0
0.5320000052452087,0.6716679334640503,0.4013157784938812,0.675000011920929,0.6851528286933899,0.6916666626930237,0.6612832546234131,0.3916666805744171,0.5653896927833557,1.0,0.11308900266885757,-0.7321904993553173,0.8414215216036913,0.20141311281931917,0.12038063449421366,-0.5957908853519281,1.535452901558443,0.2874055682366017,0.8234989603337383,0.0006286390238951824,-0.19576343409107205,0.6936395685233832,0.0,1.058026750535691,0.11425358508304516,-0.14064484968245042,1.2683921268763763,0.6146600741476462,-0.0,-0.0
0.5329999923706055,0.6751688122749329,0.4074561297893524,0.675000011920929,0.6851528286933899,0.6899999976158142,0.6577913761138916,0.38999998569488525,0.5645090341567993,1.0,0.11308900266885757,-0.7366843846867492,0.8714735974912672,0.15974751935553494,0.08842294572654799,-0.5986028945139951,1.5448378378828767,0.280543627332831,0.8122825897129324,0.0006286390238951824,-0.19576343409107205,0.6936395685233832,0.0,1.0554630920765071,0.11362674166465551,-0.13857018737238186,1.262268278708385,0.606566849679834,-0.0,-0.0
0.5329999923706055,0.6794198751449585,0.41447368264198303,0.675000011920929,0.6851528286933899,0.6916666626930237,0.6516804695129395,0.38999998569488525,0.5636283755302429,1.0,0.11308900266885757,-0.7419030925181537,0.9161451610832473,0.09759843016708497,0.042104398720866444,-0.6018905613193233,1.5559871037601745,0.2723227303376792,0.7988331575372287,0.0006286390238951824,-0.19576343409107205,0.6936395685233832,0.0,1.0524621751504473,0.11289589037376083,-0.13610664976458658,1.2550122841212967,0.5939831780593371,-0.0,-0.0
0.5339999794960022,0.6844211220741272,0.4223684072494507,0.675000011920929,0.6851528286933899,0.6949999928474426,0.6460061073303223,0.3933333456516266,0.5623073577880859,1.0,0.11308900266885757,-0.7468281114446464,0.9908785587293143,-0.008802482908936274,-0.03033110061168532,-0.6050058558175002,1.566758508855655,0.2643030322226982,0.7856951343364776,0.0006286390238951824,-0.19576343409107205,0.6936395685233832,0.0,1.0496145779535413,0.1122057112992878,-0.13372922717061272,1.2480278986373863,0.5837377980947642,-0.0,-0.0
0.5350000262260437,0.690172553062439,0.4328947365283966,0.675000011920929,0.6851528286933899,0.7016666531562805,0.6390222907066345,0.39666667580604553,0.5587846636772156,1.0,0.11308900266885757,-0.7514617390206961,0.7459269785542082,0.266050931657417,0.39380458562401643,-0.6079431493310674,1.5771107167672815,0.2565253019688357,0.7729325552444167,0.0006286390238951824,-0.19576343409107205,0.6936395685233832,0.0,1.0469260587669706,0.11155717436056091,-0.13144814907748958,1.2413431504544634,0.5702386491271134,-0.0,-0.0
0.5370000004768372,0.6959239840507507,0.44385963678359985,0.6766666769981384,0.6851528286933899,0.7083333134651184,0.6311654448509216,0.4033333361148834,0.5557023286819458,1.0,0.11308900266885757,-0.7556406241788423,0.7595364765070933,0.2490597242608306,0.3748715736139077,-0.6105599238736633,1.586170351806323,0.2495436923761701,0.7615175483804962,0.0006286390238951824,-0.19576343409107205,0.6936395685233832,0.0,1.044654056673511,0.11101165274890908,-0.129490700633145,1.2356204279318068,0.5551349749162197,-0.0,-0.0
0.5379999876022339,0.7026756405830383,0.4557017683982849,0.675000011920929,0.6851528286933899,0.7099999785423279,0.6241815686225891,0.4033333361148834,0.551298975944519,1.0,0.11308900266885757,-0.7596306497211072,0.7734979125080302,0.23160694857092456,0.35529640525065215,-0.6130152817424357,1.59514019285594,0.24269890310958034,0.7502416039203782,0.0006286390238951824,-0.19576343409107205,0.6936395685233832,0.0,1.0424008712482327,0.1104728400868841,-0.12752399114512267,1.2298823351675392,0.5388192815469929,-0.0,-0.0
0.5389999747276306,0.7089272141456604,0.46710526943206787,0.653333306312561,0.6860262155532837,0.7099999785423279,0.6176342368125916,0.4033333361148834,0.5468956232070923,1.0,0.11308900266885757,-0.7628997074414559,0.7857651879340323,0.2163295624636921,0.33801619918536224,-0.6150350420093829,1.6026450954903568,0.2369325263909948,0.7407216594605377,0.0006286390238951824,-0.19576343409107205,0.6936395685233832,0.0,1.0405453907562436,0.1100309687917677,-0.1258832250779265,1.2251049945995742,0.5097830718396854,-0.0,-0.0
0.5400000214576721,0.7136784195899963,0.47280701994895935,0.6416666507720947,0.688209593296051,0.7099999785423279,0.6128328442573547,0.4033333361148834,0.5429326295852661,1.0,0.11308900266885757,-0.7649677492747231,0.794038972111437,0.2060602141553518,0.32630680406475754,-0.6163169929160273,1.6074779714989613,0.23319838236458346,0.7345444263036519,0.0006286390238951824,-0.19576343409107205,0.6936395685233832,0.0,1.039366639780065,0.10975124044884925,-0.12482959140871029,1.2220423979718673,0.49453150054587824,0.0,-0.0
0.5410000085830688,0.7184296250343323,0.48245614767074585,0.6266666650772095,0.6890829801559448,0.7099999785423279,0.607594907283783,0.40166667103767395,0.5394099354743958,1.0,0.11308900266885757,-0.7685969032691413,0.8092232198557917,0.18725734320690626,0.3047425538898637,-0.6185714136879604,1.6160578223642106,0.2265457229809376,0.7235238921028014,0.0006286390238951824,-0.19576343409107205,0.6936395685233832,0.0,1.0372924968265589,0.1092601468196705,-0.12296281544096138,1.2166221607626553,0.4712678823111848,-0.0,-0.0
0.5410000085830688,0.7216804027557373,0.4894736707210541,0.6066666841506958,0.6908296942710876,0.7099999785423279,0.6036665439605713,0.4000000059604645,0.5358873009681702,1.0,0.11308900266885757,-0.7702791481429894,0.8168947026329165,0.1778000469919938,0.2937685061892548,-0.6196202622868918,1.620118197740665,0.2233780694896877,0.7182625082515349,0.0006286390238951824,-0.19576343409107205,0.6936395685233832,0.0,1.036326536518444,0.10903237218440655,-0.12208281612702558,1.214071985727361,0.4477840854511751,-0.0,-0.0
0.5410000085830688,0.7259314656257629,0.4973684251308441,0.5583333373069763,0.6938864588737488,0.7083333134651184,0.597119152545929,0.398333340883255,0.5328049063682556,1.0,0.11308900266885757,-0.7710858373911272,0.8207452078339484,0.17306440838045173,0.2882378591219468,-0.6201240904429954,1.622084721284693,0.2218395646949284,0.7157036435848791,0.0006286390238951824,-0.19576343409107205,0.6936395685233832,0.0,1.035862300975037,0.10892311791302753,-0.12165748288601097,1.2128405194883267,0.39961839835389135,0.0,-0.0
0.5400000214576721,0.7301825284957886,0.5122807025909424,0.5149999856948853,0.6947598457336426,0.7066666483879089,0.5844609141349792,0.398333340883255,0.5266402363777161,1.0,0.11308900266885757,-0.77040005335632,0.8173939195546513,0.17718104764153167,0.2930618794098437,-0.6196954154738008,1.6204048182035773,0.22315561408969864,0.7178939951974737,0.0006286390238951824,-0.19576343409107205,0.6936395685233832,0.0,1.0362573813928686,0.10901600919107612,-0.12202044861163515,1.2138909524239103,0.3310889132758181,-0.0,-0.0
0.5400000214576721,0.7336834073066711,0.5214912295341492,0.4866666793823242,0.6947598457336426,0.7049999833106995,0.5766041278839111,0.398333340883255,0.5217965841293335,1.0,0.11308900266885757,-0.7682829179956097,0.8073337492167791,0.18950928808505435,0.3074763775899703,-0.618415333256815,1.6154055504189595,0.22706755583726976,0.7244010260287863,0.0006286390238951824,-0.19576343409107205,0.6936395685233832,0.0,1.0374369089120972,0.1092935629041131,-0.12310157081714039,1.2170209213178127,0.2897949722705826,-0.0,-0.0
0.5400000214576721,0.7379344701766968,0.5350877046585083,0.46666666865348816,0.6951965093612671,0.6966666579246521,0.5670012831687927,0.39500001072883606,0.5187142491340637,1.0,0.11308900266885757,-0.7648619463268126,0.7920135839362755,0.20833630394114783,0.329310594949044,-0.6163517285566347,1.607427417555987,0.2332887848902195,0.734732060203413,0.0006286390238951824,-0.19576343409107205,0.6936395685233832,0.0,1.0393372640105425,0.10974179784244377,-0.12483130259032324,1.2220342774983832,0.243034816150632,-0.0,-0.0
0.5400000214576721,0.7424356341362,0.5495613813400269,0.4583333432674408,0.6951965093612671,0.6850000023841858,0.5595809817314148,0.3916666805744171,0.5112285614013672,1.0,0.11308900266885757,-0.7606734996089866,0.774668842350258,0.2298214647289662,0.3539312728108836,-0.6137514330416488,1.597532985028213,0.24096063495648745,0.7474404321937604,0.0006286390238951824,-0.19576343409107205,0.6936395685233832,0.0,1.041729518877231,0.11030817493454871,-0.12698456135074235,1.2282863326389404,0.2067918213924525,-0.0,-0.0
0.5400000214576721,0.7469367384910583,0.5662280917167664,0.4466666579246521,0.6956331729888916,0.6733333468437195,0.5504146814346313,0.3883333206176758,0.5072655081748962,1.0,0.11308900266885757,-0.7552697306576637,0.7543831298825606,0.2549594390421035,0.38243677915334773,-0.6105186253550331,1.5854670992065538,0.25024852217210464,0.7627829407296345,0.0006286390238951824,-0.19576343409107205,0.6936395685233832,0.0,1.0447000360930319,0.11101468608293978,-0.12962112878554685,1.235958796739612,0.1616462136738925,-0.0,-0.0
0.5400000214576721,0.7516879439353943,0.5815789699554443,0.4416666626930237,0.6960698962211609,0.6583333611488342,0.5443037748336792,0.3866666555404663,0.5019814968109131,1.0,0.11308900266885757,-0.7504913062900239,0.7381475645131101,0.2751761993263641,0.40509699326819626,-0.6076767717422421,1.5751013003874315,0.25815488819149457,0.7758044725619971,0.0006286390238951824,-0.19576343409107205,0.6936395685233832,0.0,1.0473073539477806,0.1116382219953478,-0.13189567516098996,1.2425959369340676,0.12906115932099224,-0.0,-0.0
0.5400000214576721,0.7551888227462769,0.5938596725463867,0.43166667222976685,0.6969432234764099,0.6466666460037231,0.5368834733963013,0.38333332538604736,0.49405547976493835,1.0,0.11308900266885757,-0.7446025114447152,0.7196009113403464,0.2983601710565323,0.4308651149004219,-0.6041924684978767,1.5626343639095062,0.26758647627311444,0.7913038498124024,0.0006286390238951824,-0.19576343409107205,0.6936395685233832,0.0,1.0504998896827153,0.11240525829147031,-0.13463913504524477,1.250620362450565,0.0917778065798204,-0.0,-0.0
0.5400000214576721,0.7581895589828491,0.6026315689086914,0.4266666769981384,0.6982532739639282,0.6366666555404663,0.5325185656547546,0.38333332538604736,0.4887714684009552,1.0,0.11308900266885757,-0.7369619444087818,0.6971806905642032,0.3268263087518952,0.4621582986312768,-0.5997124860432379,1.5469628965455136,0.27932226646837094,0.8105468634566303,0.0006286390238951824,-0.19576343409107205,0.6936395685233832,0.0,1.0545981264590345,0.1133952870456986,-0.1380969851733669,1.2607633282345674,0.068064719003889,-0.0,-0.0
0.5400000214576721,0.7626906633377075,0.6192982196807861,0.4166666567325592,0.7008733749389648,0.6200000047683716,0.5250982046127319,0.3799999952316284,0.4856891334056854,1.0,0.11308900266885757,-0.7289595215616191,0.676125717505542,0.3534148101050538,0.49116275543276605,-0.5950451190776533,1.5310802773988477,0.2910583708426948,0.8297484193503446,0.0006286390238951824,-0.19576343409107205,0.6936395685233832,0.0,1.0588589839195373,0.11443149616917808,-0.14160915208120078,1.2711029161337402,0.02402782326638614,-0.0,-0.0
0.5400000214576721,0.7639409899711609,0.6315789222717285,0.4116666615009308,0.7013100385665894,0.6100000143051147,0.5189873576164246,0.37833333015441895,0.4768824279308319,1.0,0.11308900266885757,-0.719658260335172,0.653455772975724,0.3825815748075299,0.5226319718254915,-0.5896800645086651,1.5133115573775506,0.30400309074311643,0.8508952323145772,0.0006286390238951824,-0.19576343409107205,0.6936395685233832,0.0,1.0637463784360388,0.11562791392051884,-0.14554218117085146,1.2827240714373505,-0.011604328184736244,-0.0,-0.0
0.5400000214576721,0.7644411325454712,0.6355262994766235,0.40833333134651184,0.7017467021942139,0.6050000190734863,0.517241358757019,0.37833333015441895,0.47380009293556213,1.0,0.11308900266885757,-0.7112549047164872,0.6348873555353272,0.40648199487621167,0.5482268018512043,-0.5847061435506571,1.4973149910766024,0.3154638808956036,0.8696009837015303,0.0006286390238951824,-0.19576343409107205,0.6936395685233832,0.0,1.0682665213221172,0.1167423241998853,-0.14908183114814175,1.2932258927409084,-0.024311171896566383,-0.0,-0.0
0.5400000214576721,0.7659415006637573,0.6425438523292542,0.4000000059604645,0.703930139541626,0.596666693687439,0.5128764510154724,0.375,0.47247907519340515,1.0,0.11308900266885757,-0.7011800572871517,0.6142207771965985,0.433251030037941,0.5766989178664581,-0.5787914205319347,1.4787740970079526,0.32853930254473274,0.8909401754720542,0.0006286390238951824,-0.19576343409107205,0.6936395685233832,0.0,1.0736298088298988,0.11807282390497124,-0.1531783332326937,1.3054246303167403,-0.05158224249649409,0.0,-0.0
0.5400000214576721,0.7684420943260193,0.655701756477356,0.3916666805744171,0.7078602910041809,0.5866666436195374,0.5098210573196411,0.37166666984558105,0.47159841656684875,1.0,0.11308900266885757,-0.6899159538537538,0.592931246682334,0.4610380136348903,0.6060379522721461,-0.5722419985398137,1.4588273588084133,0.34233780107537737,0.913475889951432,0.0006286390238951824,-0.19576343409107205,0.6936395685233832,0.0,1.0795532117890698,0.11955246117591123,-0.157572123120964,1.318564100399338,-0.08347780761328379,0.0,-0.0
0.5400000214576721,0.7691922783851624,0.6578947305679321,0.3883333206176758,0.7100436687469482,0.5816666483879089,0.5072020888328552,0.3700000047683716,0.4693967401981354,1.0,0.11308900266885757,-0.6782024159265697,0.5725763565490719,0.4878367927430979,0.6341256746708479,-0.5655028583466,1.4389108614734505,0.3558165469301547,0.935528943901297,0.0006286390238951824,-0.19576343409107205,0.6936395685233832,0.0,1.0856309015473533,0.12108147711896236,-0.16193861861248918,1.3316806754939283,-0.09752177470812613,0.0,-0.0
0.5400000214576721,0.7699424624443054,0.6609649062156677,0.38333332538604736,0.7126637697219849,0.5733333230018616,0.5032736659049988,0.3683333396911621,0.4641127288341522,1.0,0.11308900266885757,-0.6668060304273916,0.554306926053519,0.5121136145460059,0.6593930195282317,-0.5590161896441842,1.420290557326858,0.368128629804656,0.9557309365625714,0.0006286390238951824,-0.19576343409107205,0.6936395685233832,0.0,1.091464084951661,0.12255896714196965,-0.16599605273367385,1.343922449176022,-0.11886272883747626,0.0,-0.0
0.5400000214576721,0.7706926465034485,0.6754385828971863,0.3766666650772095,0.7152838706970215,0.5649999976158142,0.49367088079452515,0.36500000953674316,0.4561867117881775,1.0,0.11308900266885757,-0.6524954244100386,0.5329843745848242,0.540711358201867,0.6889708474262848,-0.5509533361791834,1.397750063401666,0.3826934084877103,0.9797173354832434,0.0006286390238951824,-0.19576343409107205,0.6936395685233832,0.0,1.0986949568533373,0.12440160534282434,-0.17087394215768487,1.3586984583632,-0.1701254365732884,-0.0,-0.0
0.5400000214576721,0.7704426050186157,0.6890350580215454,0.3700000047683716,0.7192139625549316,0.5550000071525574,0.4871235191822052,0.3616666793823242,0.4535447061061859,1.0,0.11256544291973114,-0.6361745626003692,0.5106839824855323,0.5709853622565338,0.7200506615857534,-0.5418720869675507,1.3731412511222851,0.3981297105994546,1.00528618453849,0.0006286390238951824,-0.19576343409107205,0.6936395685233832,0.0,1.1068118599472243,0.12648442633113624,-0.17614796574420674,1.3747490004425684,-0.21673936151188794,0.0,-0.0
0.5389999747276306,0.770192563533783,0.6964912414550781,0.36500000953674316,0.7213973999023438,0.5483333468437195,0.48363161087036133,0.3583333194255829,0.45266401767730713,1.0,0.11308900266885757,-0.6218186770681646,0.49280791053321815,0.5956080982151712,0.7451275976776014,-0.5339938690058409,1.3518797258727637,0.41077006276951356,1.0265470520202522,0.0006286390238951824,-0.19576343409107205,0.6936395685233832,0.0,1.1138273048226057,0.1282974345160959,-0.18052116556688644,1.3881222180316863,-0.24430779720690132,0.0,-0.0
0.5400000214576721,0.7699424624443054,0.7052631378173828,0.3566666543483734,0.7248908281326294,0.5400000214576721,0.4810126721858978,0.35499998927116394,0.45222368836402893,1.0,0.11308900266885757,-0.6032564081339098,0.4714099594313553,0.6254792170649337,0.7753466154950406,-0.5239259776994617,1.3261952234262635,0.4258324911819478,1.051919165733958,0.0006286390238951824,-0.19576343409107205,0.6936395685233832,0.0,1.122764364567813,0.1306200382515944,-0.18589942990045463,1.4046306636117547,-0.2750343594653366,0.0,-0.0
0.5400000214576721,0.7699424624443054,0.7096491456031799,0.35333332419395447,0.7266375422477722,0.5366666913032532,0.4762112498283386,0.35333332419395447,0.44958168268203735,1.0,0.11308900266885757,-0.5761294858010432,0.4430555944328844,0.6647165460437477,0.8149145462141844,-0.5093851484331539,1.2902944618245444,0.4460127098774526,1.0863416081259496,0.0006286390238951824,-0.19576343409107205,0.6936395685233832,0.0,1.135620570461281,0.13398291520475597,-0.19330151106291882,1.4274480481824907,-0.2974481133453242,0.0,-0.0
0.5400000214576721,0.7699424624443054,0.7157894968986511,0.3449999988079071,0.7301310300827026,0.5316666960716248,0.47315582633018494,0.351666659116745,0.44958168268203735,1.0,0.11308900266885757,-0.5543068263423157,0.4230379987535692,0.6931337510060787,0.8432535726492029,-0.4979243011734492,1.2632297716340193,0.46025791062702354,1.1111803137739702,0.0006286390238951824,-0.19576343409107205,0.6936395685233832,0.0,1.1456956986007456,0.13663993318502168,-0.19875111178106541,1.4443319644238044,-0.3234125472996619,0.0,-0.0
0.5400000214576721,0.7699424624443054,0.7236841917037964,0.3400000035762787,0.73231440782547,0.5266666412353516,0.4687909185886383,0.3499999940395355,0.4464993476867676,1.0,0.11308900266885757,-0.5310603625914134,0.40374880695272525,0.7211384178309957,0.8709358306309172,-0.48590260707657307,1.2357543932890265,0.473934269403308,1.135528902148747,0.0006286390238951824,-0.19576343409107205,0.6936395685233832,0.0,1.1562182116816908,0.13943043239655947,-0.2041779706185924,1.4611934154717643,-0.3511950810899853,0.0,-0.0
0.5400000214576721,0.770192563533783,0.7250000238418579,0.3383333384990692,0.7340611219406128,0.5233333110809326,0.4683544337749481,0.34833332896232605,0.4447380006313324,1.0,0.11308900266885757,-0.5106323364709617,0.38847823142418814,0.743895087384601,0.8932185880466829,-0.47550139542977177,1.2127465461543898,0.48468675114695925,1.1551668623386373,0.0006286390238951824,-0.19576343409107205,0.6936395685233832,0.0,1.1652819867973512,0.14184639729511755,-0.2086303314704018,1.4750536825749763,-0.3575549077183286,0.0,-0.0
0.5400000214576721,0.7699424624443054,0.7285087704658508,0.33666667342185974,0.7353711724281311,0.5233333110809326,0.46748143434524536,0.3466666638851166,0.4434169828891754,1.0,0.11308900266885757,-0.4892990681767006,0.37399662546822976,0.7672738155325264,0.9156880002467386,-0.4644432889165214,1.1889381242600576,0.49517793084891676,1.1748226963821982,0.0006286390238951824,-0.19576343409107205,0.6936395685233832,0.0,1.1748823594358393,0.14441534294170671,-0.21315680695392059,1.4891544433142851,-0.36739118888366007,0.0,-0.0
0.5400000214576721,0.7699424624443054,0.7315789461135864,0.33666667342185974,0.7349345088005066,0.5199999809265137,0.46748143434524536,0.34333333373069763,0.44077497720718384,1.0,0.11308900266885757,-0.4656190216535967,0.359386373732115,0.7911993702432806,0.9385311910872319,-0.45272060785901036,1.1643905225893314,0.5052878253219927,1.1943630580737052,0.0006286390238951824,-0.19576343409107205,0.6936395685233832,0.0,1.1850202494750892,0.1471379715338348,-0.2177374222410349,1.5034201327504246,-0.37201165324486224,-0.0,0.0
0.5410000085830688,0.7699424624443054,0.7324561476707458,0.3383333384990692,0.7353711724281311,0.5199999809265137,0.4670449495315552,0.34333333373069763,0.44077497720718384,1.0,0.11308900266885757,-0.44843063057151594,0.34986968414228753,0.807401868693483,0.9538288666107808,-0.44385723631703977,1.1470810587577742,0.5121826819449119,1.2078974554375932,0.0006286390238951824,-0.19576343409107205,0.6936395685233832,0.0,1.1922527371301976,0.14908680158226695,-0.2208645317884034,1.5131448439235866,-0.3734023088113959,0.0,-0.0
0.5410000085830688,0.770192563533783,0.7359648942947388,0.3383333384990692,0.7362445592880249,0.5183333158493042,0.4661719799041748,0.34166666865348816,0.44077497720718384,1.0,0.11308900266885757,-0.4256970528500416,0.3382979868595636,0.8281720256116349,0.9732019280935588,-0.4324690456827387,1.1243777785761013,0.5203082190256444,1.2247421518197628,0.0006286390238951824,-0.19576343409107205,0.6936395685233832,0.0,1.2020300337697647,0.15172685006039016,-0.22496410684980292,1.5258697398947223,-0.38101333381945396,0.0,-0.0
0.5410000085830688,0.770192563533783,0.7403509020805359,0.3333333432674408,0.7384279370307922,0.5133333206176758,0.4644260108470917,0.3400000035762787,0.43989431858062744,1.0,0.11308900266885757,-0.39961806451399623,0.3263976465677447,0.8505579137336003,0.9938355577990965,-0.418827824027516,1.0989707748018116,0.529062720341123,1.2432581112004908,0.0006286390238951824,-0.19576343409107205,0.6936395685233832,0.0,1.213083871711239,0.15471894461154712,-0.22941355550404188,1.5396307742816013,-0.3988789552925578,0.0,-0.0
0.5410000085830688,0.770192563533783,0.7416666746139526,0.3283333480358124,0.739301323890686,0.5116666555404663,0.46049758791923523,0.34166666865348816,0.43989431858062744,1.0,0.11308900266885757,-0.37423459807316634,0.31622811979620996,0.8708818421934651,1.0123019227193093,-0.4056927075093382,1.0752472160906645,0.5363723785475086,1.259707240259439,0.0006286390238951824,-0.19576343409107205,0.6936395685233832,0.0,1.2236764806537388,0.15759285441208387,-0.2334893563025538,1.5521644755130415,-0.41539289356789993,-0.0,-0.0
0.5410000085830688,0.770192563533783,0.7442982196807861,0.3216666579246521,0.7414847016334534,0.5116666555404663,0.45744216442108154,0.34166666865348816,0.43769264221191406,1.0,0.11308900266885757,-0.3440150881570393,0.3055275881016729,0.8931061933411858,1.0322877180969323,-0.39071499281454564,1.0497790726708276,0.5436596019190141,1.2768319122899037,0.0006286390238951824,-0.19576343409107205,0.6936395685233832,0.0,1.2357010726035949,0.16086115410121896,-0.23792551340244614,1.5657080572823243,-0.4325856598348498,0.0,-0.0
0.5410000085830688,0.770192563533783,0.746052622795105,0.3199999928474426,0.7427947521209717,0.5099999904632568,0.45438674092292786,0.3400000035762787,0.43769264221191406,1.0,0.11308900266885757,-0.31840005066993204,0.2981414439665473,0.9116057248473273,1.0483947013724386,-0.3777607301609537,1.0277753038854498,0.5487549293037893,1.2904817084826619,0.0006286390238951824,-0.19576343409107205,0.6936395685233832,0.0,1.2460498897816874,0.16367840780171689,-0.24156992403286617,1.5767192752272041,-0.4456891029667821,0.0,-0.0
0.5410000085830688,0.770192563533783,0.7548245787620544,0.3166666626930237,0.7449781894683838,0.5083333253860474,0.4500218331813812,0.3400000035762787,0.43769264221191406,1.0,0.11308900266885757,-0.28488901729539656,0.289561117710689,0.9329654232701937,1.0669259869165681,-0.3614460840696533,1.0008329504316933,0.5539970141982459,1.30625861722195,0.0006286390238951824,-0.19576343409107205,0.6936395685233832,0.0,1.2590298419879418,0.16721540954418404,-0.24596678424587545,1.5898583830576005,-0.4710857269450895,0.0,-0.0
0.5410000085830688,0.770192563533783,0.7548245787620544,0.3166666626930237,0.7449781894683838,0.5083333253860474,0.4500218331813812,0.3400000035762787,0.43637165427207947,1.0,0.11308900266885757,-0.25479189672386754,0.2834304976883725,0.9505956917709886,1.0818567291725312,-0.3469193172878356,0.9784002118628162,0.5576010253317918,1.3186928683812005,0.0006286390238951824,-0.19576343409107205,0.6936395685233832,0.0,1.2705293113513618,0.17035143443266174,-0.24968190413690686,1.600777235068176,-0.4710857269450895,0.0,0.0
0.5419999957084656,0.7704426050186157,0.7574561238288879,0.3149999976158142,0.7467249035835266,0.5066666603088379,0.4500218331813812,0.3400000035762787,0.43637165427207947,1.0,0.11256544291973114,-0.221186538674472,0.278062776837565,0.9688445257865946,1.0969437164870872,-0.33080004295384624,0.9542751451491857,0.5604460464132677,1.3311063888424164,0.0006286390238951824,-0.19576343409107205,0.6936395685233832,0.0,1.283235356970163,0.17381752794475944,-0.25362369535586093,1.6121599516658307,-0.47748140693632346,0.0,-0.0
0.5410000085830688,0.7704426050186157,0.7609649300575256,0.3050000071525574,0.7497816681861877,0.5016666650772095,0.4487123489379883,0.3383333384990692,0.43637165427207947,1.0,0.11308900266885757,-0.19073069733581127,0.27535139921989543,0.985918031217568,1.1102793777467093,-0.31586134289950607,0.9326876178456077,0.5619356040518475,1.341234707166756,0.0006286390238951824,-0.19576343409107205,0.6936395685233832,0.0,1.2949575805245224,0.17701499175631066,-0.25710583731706577,1.6219883265201178,-0.4992611058040948,0.0,-0.0
0.5410000085830688,0.7704426050186157,0.7631579041481018,0.30000001192092896,0.7519650459289551,0.5,0.4456569254398346,0.3383333384990692,0.4332892894744873,1.0,0.11308900266885757,-0.16137300496368973,0.2735308357032996,1.0001172850826499,1.121173901934994,-0.30193718014342474,0.9132188176907405,0.5623661986370274,1.349523234368388,0.0006286390238951824,-0.19576343409107205,0.6936395685233832,0.0,1.3058402773030957,0.17998216867628106,-0.2602160159058812,1.630554341296013,-0.5157762184386034,0.0,-0.0
0.5410000085830688,0.7706926465034485,0.7697368264198303,0.2983333468437195,0.7537118196487427,0.4983333349227905,0.4404190182685852,0.3383333384990692,0.4324086308479309,1.0,0.11308900266885757,-0.12853477847130163,0.2729194351050587,1.0152424784602712,1.1323100234516879,-0.2858605044065672,0.8914329917637072,0.5618634869640589,1.3578848704948079,0.0006286390238951824,-0.19576343409107205,0.6936395685233832,0.0,1.318361081187138,0.18339358418658638,-0.26367220320602136,1.6398295089755892,-0.5383949752186332,-0.0,-0.0
0.5410000085830688,0.7704426050186157,0.7688596248626709,0.29499998688697815,0.7541484832763672,0.5,0.439982533454895,0.3383333384990692,0.42976662516593933,1.0,0.11308900266885757,-0.09512516575053351,0.27367863341991805,1.0293501973129555,1.1422218825920107,-0.2686463368272646,0.8698364409634383,0.5605862290242686,1.3654599444713686,0.0006286390238951824,-0.19576343409107205,0.6936395685233832,0.0,1.331047830632874,0.18684627521715877,-0.26704119868945,1.648568740699333,-0.5412241466419997,0.0,-0.0
0.5410000085830688,0.770192563533783,0.7671052813529968,0.29499998688697815,0.7537118196487427,0.503333330154419,0.439982533454895,0.3400000035762787,0.42976662516593933,1.0,0.11308900266885757,-0.06368346406249484,0.2760442022853838,1.0421640447095348,1.150644237906359,-0.2524621790991875,0.8503290695160809,0.5582836172572405,1.371228060716848,0.0006286390238951824,-0.19576343409107205,0.6936395685233832,0.0,1.3429249942674808,0.1900737577965957,-0.2700780145398941,1.6561420829306548,-0.5374836779308921,-0.0,0.0
0.5410000085830688,0.770192563533783,0.7675438523292542,0.2933333218097687,0.7541484832763672,0.5016666650772095,0.439982533454895,0.3400000035762787,0.42976662516593933,1.0,0.11308900266885757,-0.034366070113678496,0.2793752313542679,1.0530871770776569,1.15736410746787,-0.23732088331352527,0.8327753820691391,0.5551909606090812,1.3754581006191047,0.0006286390238951824,-0.19576343409107205,0.6936395685233832,0.0,1.353995720660282,0.1930768890779195,-0.27281337786405796,1.6626836571459591,-0.5408150735959345,0.0,-0.0
0.5410000085830688,0.7704426050186157,0.7688596248626709,0.2933333218097687,0.7545851469039917,0.5,0.439982533454895,0.3383333384990692,0.42976662516593933,1.0,0.11308900266885757,-0.0012063324525093538,0.2843068785571656,1.0643829642022613,1.1638001308947965,-0.21925857134511179,0.8139991618621044,0.5514395518398287,1.379572536574319,0.0006286390238951824,-0.19576343409107205,0.6936395685233832,0.0,1.366532876223219,0.1964713972433592,-0.27581677572687996,1.6695573112076683,-0.5431607724166061,0.0,-0.0
0.5410000085830688,0.7706926465034485,0.7701754570007324,0.2916666567325592,0.7563318610191345,0.4983333349227905,0.43910956382751465,0.3383333384990692,0.42976662516593933,1.0,0.11308900266885757,0.030440225339215733,0.2902520745149513,1.0740345333452954,1.1687093801272175,-0.20190081035520246,0.7961691567797958,0.5463707813581378,1.3820384979156177,0.0006286390238951824,-0.19576343409107205,0.6936395685233832,0.0,1.3785352788902776,0.19971319389940267,-0.2785959538923921,1.6755702067664016,-0.5504948144153168,0.0,-0.0
0.5410000085830688,0.7706926465034485,0.7745614051818848,0.28333333134651184,0.760698676109314,0.49666666984558105,0.43867307901382446,0.33666667342185974,0.42976662516593933,1.0,0.11308900266885757,0.06335891098671392,0.2981114954764099,1.0836550683971122,1.1729505600983343,-0.18375243467171934,0.7789581153125924,0.5405056978023951,1.3834820164054515,0.0006286390238951824,-0.19576343409107205,0.6936395685233832,0.0,1.3910426880824662,0.20308246974192645,-0.28140203561574945,1.6812813142976906,-0.5700523958951274,0.0,-0.0
0.5410000085830688,0.7706926465034485,0.7754386067390442,0.28166666626930237,0.7624453902244568,0.4950000047683716,0.43692710995674133,0.33500000834465027,0.42976662516593933,1.0,0.11308900266885757,0.09510544478473199,0.3067567318794162,1.0915204917364973,1.175677406093828,-0.16539966104680776,0.7624039808652738,0.5335489469802381,1.3835881280819382,0.0006286390238951824,-0.19576343409107205,0.6936395685233832,0.0,1.4036515163007381,0.2064686613044502,-0.2841416583683869,1.6864666589759993,-0.5791752114793163,0.0,-0.0
0.5410000085830688,0.7706926465034485,0.7763158082962036,0.28166666626930237,0.7624453902244568,0.49666666984558105,0.4360541105270386,0.33666667342185974,0.42932629585266113,1.0,0.11308900266885757,0.12368199613147812,0.31561392501668134,1.0976047030024605,1.1770710099985888,-0.14869208061312958,0.7481212317149702,0.5262987438908701,1.3824481401144402,0.0006286390238951824,-0.19576343409107205,0.6936395685233832,0.0,1.4150979828637955,0.20953220305323358,-0.2865515213980826,1.690659558932776,-0.5810832445022304,-0.0,-0.0
0.5410000085830688,0.7706926465034485,0.7754386067390442,0.2849999964237213,0.7624453902244568,0.4983333349227905,0.4360541105270386,0.33666667342185974,0.42976662516593933,1.0,0.11308900266885757,0.1551045606114113,0.3264233115799699,1.1032921006672625,1.1775469436429193,-0.12922542441387413,0.7329038112740679,0.5175095640917374,1.380166079674234,0.0006286390238951824,-0.19576343409107205,0.6936395685233832,0.0,1.4278004797649197,0.21292038951462036,-0.2891518139313901,1.6948022942083214,-0.5765105977595667,0.0,-0.0
0.5410000085830688,0.770192563533783,0.7684210538864136,0.2916666567325592,0.7598253488540649,0.5083333253860474,0.43649062514305115,0.34166666865348816,0.42976662516593933,1.0,0.11308900266885757,0.18396304183119558,0.3374414240333492,1.107478877423199,1.1769044739495143,-0.11109417389739493,0.7196030674646864,0.5083676155078701,1.376696741274168,0.0006286390238951824,-0.19576343409107205,0.6936395685233832,0.0,1.4396035613965241,0.2160558536872889,-0.29149488801062173,1.6981327153876447,-0.5549487639773204,-0.0,0.0
0.5389999747276306,0.7651913166046143,0.7521929740905762,0.3383333384990692,0.7497816681861877,0.5566666722297668,0.44652989506721497,0.3583333194255829,0.42932629585266113,1.0,0.11308900266885757,0.2094273108858742,0.34806016564466197,1.1103077326348558,1.1754472088244536,-0.09486846517268945,0.7084358013665177,0.49940940755915963,1.3724703481388703,0.0006286390238951824,-0.19576343409107205,0.6936395685233832,0.0,1.4501473098269169,0.21884530958189358,-0.29352961406347533,1.7006824853100992,-0.4495120486570123,-0.0,0.0
0.5389999747276306,0.7476869225502014,0.6131578683853149,0.4466666579246521,0.7179039120674133,0.6333333253860474,0.49105194211006165,0.38499999046325684,0.4337296485900879,1.0,0.11308900266885757,0.21905573109977938,0.352553205303327,1.1112731219500995,1.1746710640122122,-0.08866978700965518,0.7044241921902634,0.4957269294660244,1.3704704689109142,0.0006286390238951824,-0.19576343409107205,0.6936395685233832,0.0,1.4541703107641342,0.21990546380665896,-0.29428666746004495,1.7015118893680163,-0.077209022938318,-0.0,0.0
0.5410000085830688,0.7239309549331665,0.5214912295341492,0.5416666865348816,0.6995633244514465,0.7099999785423279,0.5639458894729614,0.39666667580604553,0.45090270042419434,1.0,0.11361256241798401,0.2159710353489963,0.3510752094262517,1.1110016608502402,1.1749580440503988,-0.09066625667458378,0.7056380306732788,0.49688163953358105,1.371118622471253,0.0006286390238951824,-0.19576343409107205,0.6936395685233832,0.0,1.4528750198650384,0.21956466259313456,-0.2940452461629459,1.7012623526731854,0.25701646669288236,0.0,0.0
0.5429999828338623,0.7126781940460205,0.4771929681301117,0.6549999713897705,0.699999988079071,0.7166666388511658,0.6014840602874756,0.40833333134651184,0.4874504506587982,1.0,0.11361256241798401,0.20454516959643096,0.3456465773568733,1.10995097243992,1.1759753619060946,-0.09804853534400468,0.7101622299740868,0.5011153921193061,1.3734610922836317,0.0006286390238951824,-0.19576343409107205,0.6936395685233832,0.0,1.4480850403455567,0.21830373122732008,-0.2931497117171221,1.7003187550391485,0.4593151343403272,0.0,0.0
0.5429999828338623,0.704426109790802,0.45394736528396606,0.6616666913032532,0.7004366517066956,0.7166666388511658,0.6167612671852112,0.41333332657814026,0.5059444904327393,1.0,0.11361256241798401,0.19102750795944662,0.339424550919157,1.1085117567575362,1.1769800874647813,-0.10672743051964863,0.7156361855394741,0.5059356918898941,1.3759799130960813,0.0006286390238951824,-0.19576343409107205,0.6936395685233832,0.0,1.4424518601880334,0.2168180365549755,-0.2920844797531485,1.6991183669273902,0.5047055372556902,0.0,0.0
0.5419999957084656,0.6914228796958923,0.4201754331588745,0.6666666865348816,0.7069869041442871,0.6983333230018616,0.6333478689193726,0.39666667580604553,0.5231175422668457,1.0,0.11361256241798401,0.17869062625248255,0.3335959680247284,1.1065693338606133,1.1775112175991838,-0.11485125712425594,0.7209296386924279,0.5102734926514544,1.378079893633377,0.0006286390238951824,-0.19576343409107205,0.6936395685233832,0.0,1.4371764825250772,0.21542371055491724,-0.2910735011448932,1.6978939494150778,0.542245771925483,0.0,0.0
0.5429999828338623,0.6786696910858154,0.3807017505168915,0.6683333516120911,0.710917055606842,0.6966666579246521,0.6503710150718689,0.39500001072883606,0.5398502945899963,1.0,0.11361256241798401,0.16307011235303953,0.3264755473249231,1.1038646968376036,1.1779299248580497,-0.12553567052689396,0.7278432246064525,0.5154530916775004,1.3803252942093436,0.0006286390238951824,-0.19576343409107205,0.6936395685233832,0.0,1.4305365104062915,0.21366528336820895,-0.289785012386946,1.696234068365957,0.5908546202807666,0.0,0.0
