ThetaXHG_PREDICTION,ThetaXHG_GROUND
0.07041641006034094,0.129037897072158
0.11024359744435093,0.139076769318705
0.10553535409821771,0.159248792192136
0.13624259691027504,0.179389286222696
0.1574518079813508,0.190874330450492
0.16557433322701393,0.205603671191184
0.18461522512308437,0.210043927254899
0.1838220135727136,0.215712671483693
0.1915296904819992,0.227720561206883
0.20826473469083207,0.23043112318596
0.20661124348186333,0.236946485406612
0.21658858086200444,0.250642711049583
0.2354219855306209,0.257903252396678
0.24081472725065453,0.271927646017699
0.26037845410709914,0.288712957127967
0.2803699402530722,0.30308998140074
0.29597691482666655,0.325274281225181
0.32383362114128833,0.333098980256959
0.32790971150141346,0.361335964129171
0.3655146640493485,0.40701953269235
0.41680437768725137,0.426533271029704
0.43177771001162624,0.445694468565122
0.45172683684547116,0.462482026660367
0.46803806792332986,0.467953889953467
0.4722184946353907,0.472018422039376
0.47619309260077664,0.485115510048315
0.48988309121069373,0.531929456105866
0.5355051941755474,0.533506543773657
0.5350167584503949,0.536127197875858
0.5377110943729949,0.539187240364745
0.5404971177046524,0.541896759594675
0.5429931741993499,0.551589681236788
0.5520137221189512,0.553958075532286
0.5540675403294438,0.562400268194871
0.5618161978204846,0.564563994770412
0.5637520712036523,0.569790291277529
0.5685022311932649,0.573406093251072
0.5717637362949555,0.569110277963689
0.5679647251284804,0.561968182546008
0.5614606026094474,0.55190508634012
0.5521256087582344,0.55430081168316
0.5544404868852388,0.559021806831779
0.5587187292084641,0.585638656133694
0.5822381886253045,0.628066854853271
0.6175396045088969,0.638133022302942
0.6281873621260977,0.646947625390189
0.6364852233279118,0.657534190872681
0.6456717187449521,0.670566633279947
0.6567680488715087,0.679883916342376
0.6653860640121874,0.7012525314366
0.6824382044608815,0.707431903831084
0.6900747231407699,0.713295923189115
0.6960513569889164,0.721798008545483
0.7034520263603309,0.729201180549299
0.7103705849705575,0.730193075622391
0.712765972266951,0.73285539282034
0.7153208960949015,0.736708823929219
0.718669532238457,0.737316775816427
0.7199423631866209,0.737316775816427
0.7203097181016391,0.738613436702964
0.7213326583466083,0.739021109737268
0.7218736854982508,0.741258898229816
0.7235930659274168,0.74077194700097
0.7236856237292867,0.740138814146271
0.7232950486836327,0.73864195467002
0.7221461806765381,0.719746516378014
0.7082311371532712,0.705437586180421
0.6945722943034691,0.673773188741917
0.6673852952674629,0.655181826486539
0.6483509587826023,0.640032819336279
0.6335547688821179,0.632329098379536
0.6256487747622068,0.628129014506987
0.6214041280930117,0.628576710984452
0.6213544727696446,0.614660074147646
0.6098160199284305,0.606566849679834
0.6022594458139954,0.593983178059337
0.5909727474617456,0.583737798094764
0.5815398719587223,0.570238649127113
0.5691692453647653,0.55513497491622
0.5551324771779553,0.538819281546993
0.5397354022817407,0.509783071839685
0.5111699285382192,0.494531500545878
0.49692703110196584,0.471267882311185
0.4727716998356024,0.447784085451175
0.4484412791862738,0.399618398353891
0.3920341259485263,0.331088913275818
0.30637783522764045,0.289794972270583
0.2630488261786452,0.243034816150632
0.2008300760797825,0.206791821392452
0.16020513486307297,0.161646213673892
0.09874031075456842,0.129061159320992
0.06702724723050825,0.09177780657982
0.01969717551428598,0.068064719003889
0.0031069036825338227,0.024027823266386
-0.060304355840543736,-0.011604328184736
-0.08959570145768983,-0.024311171896566
-0.08349582550462388,-0.051582242496494
-0.1238051817133521,-0.083477807613284
-0.15626022017138538,-0.097521774708126
-0.15295688003435498,-0.118862728837476
-0.1805563686924702,-0.170125436573288
-0.2496333094943267,-0.216739361511888
-0.28149981404847896,-0.244307797206901
-0.29006547233177354,-0.275034359465337
-0.3203621746936842,-0.297448113345324
-0.3309722759554032,-0.323412547299662
-0.3545035254525296,-0.351195081089985
-0.37666689710968604,-0.357554907718329
-0.3671579515678023,-0.36739118888366
-0.3800942265796576,-0.372011653244862
-0.3791246916525218,-0.373402308811396
-0.3783964208505696,-0.381013333819454
-0.38849704062960566,-0.398878955292558
-0.4070637278839176,-0.4153928935679
-0.41751924424888937,-0.43258565983485
-0.4313510888178613,-0.445689102966782
-0.43893621919755427,-0.471085726945089
-0.46390420316121284,-0.471085726945089
-0.4501234030019602,-0.477481406936323
-0.46122268818507633,-0.499261105804095
-0.4823559163882836,-0.515776218438603
-0.4894549030495854,-0.538394975218633
-0.5080263449807566,-0.541224146642
-0.5014711852570574,-0.537483677930892
-0.4984641338495486,-0.540815073595935
-0.5039511970547189,-0.543160772416606
-0.5041561918071648,-0.550494814415317
-0.5111341288287636,-0.570052395895127
-0.5276475264424569,-0.579175211479316
-0.528595588610635,-0.58108324450223
-0.5284535970775042,-0.576510597759567
-0.5238720233883117,-0.55494876397732
-0.5039378475678463,-0.449512048657012
-0.3867394889111199,-0.077209022938318
0.1594994387682589,0.257016466692882
0.37868417725740416,0.459315134340327
0.4991188455252646,0.50470553725569
0.5143139027635772,0.542245771925483
0.5455716042372086,0.590854620280767
0.5864212035848855,0.0
-0.26950315250595,0.001736126092178
-0.0620738047261386,0.001215464282073
-0.052852723174725086,0.006327449472424
-0.0465726483591615,0.007281841554862
-0.042728759526752064,0.003783678188933
-0.04878868273752211,0.001138801230072
-0.04984779534259505,-0.001936406967581
-0.053186827602807595,-0.000901871206902
-0.04865713010243643,-0.004838276365427
-0.05696307323070984,-0.006924165721698
-0.057018810281274715,-0.004739355325001
-0.05138427157662757,-0.007685415624849
-0.05901084457610737,-0.006462890152203
-0.053730097704387796,-0.006462890152203
-0.05507963455463159,-0.003176243557286
-0.048981019711441566,-0.001014035011879
-0.04791043144274513,-0.002542849125773
-0.05239466015494853,-0.000649377604001
-0.0473090329729602,0.009150033745721
-0.031276734076155596,0.037104310264653
0.011313481878412437,0.066466154186967
0.041337030267848164,0.09891304241691
0.0781776018990902,0.103093720489523
0.06226341841511094,0.118308505158286
0.08843033220343037,0.143861925272409
0.12178248179629071,0.178088509585404
0.16424399211464952,0.191059507124882
0.16616061476094615,0.205697766851249
0.1851417926416625,0.215869875053114
0.19373577798049543,0.234360023979424
0.21931534042175885,0.260767113692819
0.2525515338977715,0.277487079847689
0.26735603748211023,0.284126640452982
0.2716091281679564,0.292156345796964
0.2815890118375752,0.318439687127545
0.3176289356210999,0.321136894979175
0.31239523971322897,0.335995564133833
0.33405237864996334,0.354886744529757
0.3554719007922385,0.364881782441021
0.3642615191897509,0.371011611636813
0.37035679803863514,0.378856942710493
0.37937997614239166,0.385518083015655
0.3863138622952599,0.390042196067342
0.39082225317853025,0.398895185515944
0.40129453355920514,0.405685366512022
0.4080649756526536,0.408753866945409
0.4107287558333271,0.412996000760807
0.41550936637605324,0.417328843341189
0.42007533890198406,0.419139117450163
0.4215710726767888,0.417681524875187
0.41951718555023004,0.416722997921397
0.41861544310439486,0.420822316193322
0.4237745347547977,0.42803095979847
0.4317550101347872,0.43240590532353
0.4358575468136508,0.440702597012354
0.4450564675670354,0.450834091147363
0.4555668935018048,0.455640312334575
0.4597608178310391,0.462353822058887
0.4668084150619561,0.466314717830741
0.4704319208618242,0.475963577607934
0.48062353957719256,0.486378923821463
0.49081927588501395,0.486378923821463
0.48994194386804046,0.486378923821463
0.4900067105107396,0.486476297056752
0.49008398741240455,0.486601612762672
0.4902072112283876,0.477021024687445
0.47984972423648037,0.456436757271065
0.45777847389486126,0.440257087466027
0.4414426152504257,0.427241417117125
0.4280024688698261,0.397565578644505
0.39275180755371447,0.360211594709641
0.3485786269550046,0.322307979095157
0.30318602930231825,0.30157472049829
0.2831714333472743,0.284132234779423
0.2625498320583369,0.268658555833582
0.24468873781893316,0.249918812794162
0.22058717716205747,0.240958379206126
0.2141324053030766,0.237448804457716
0.21192392406114866,0.239274770284179
0.21657397667364206,0.238302931055301
0.21410340731695268,0.234440932701481
0.20848981177368067,0.229704954488962
0.20252375900745784,0.225627952619716
0.19795088953349194,0.218092334558617
0.18723414389422022,0.21319278683041
0.1828578847270751,0.20564041152785
0.17232114131267717,0.203591839497866
0.17292545460636485,0.193547072077415
0.15650013185552647,0.185928878055837
0.14928363708008707,0.180322791227314
0.14347928829994225,0.174751224430719
0.136932633679599,0.167991338351209
0.12840607079280472,0.163301763283783
0.12424275705660304,0.16001241481728
0.12116358026727213,0.156137640338524
0.11634226806695187,0.15310867619666
0.11346756975276158,0.149683733238836
0.10925435982971385,0.148356183401308
0.10910301694048796,0.146668593383898
0.10685793241299407,0.141881183524449
0.09950721535974118,0.136114607631313
0.09243836747972442,0.132563074431882
0.08978592882402624,0.12848093932597
0.08465925457312524,0.121629535597316
0.07515324473242856,0.112048799799955
0.06263303312953555,0.108838840479082
0.06347433338125057,0.109529283908027
0.06656916690685476,0.106568792906552
0.06072676441569195,0.10206868232087
0.055043598146826696,0.090996769628156
0.03814791165542601,0.087892996506941
0.04072999512106566,0.083046105756715
0.03358070331761378,0.074770343709314
0.02229135830672474,0.066317517743242
0.013264852176976764,0.065341640150167
0.017803995276230708,0.065025442996515
0.01754741900153194,0.063400884175499
0.015013778732510787,0.058867103932294
0.008199200854788672,0.053099693797379
0.0012837143569115815,0.050636740129881
0.0012411385695031403,0.050124132087411
0.001971010371689982,0.04400015977745
-0.008893822915352427,0.038362088996504
-0.013962471292811965,0.030671103706184
-0.023728802889423566,0.026970357745433
-0.024307531904745803,0.016999412175732
-0.039889855462136685,0.010156973255061
-0.043865003518506654,-0.000890607114431
-0.05873643071707767,-0.010292947680539
-0.066567763791415,-0.026390330043786
-0.08821217686213234,-0.030641985480254
-0.0819152297564304,-0.034079121517393
-0.08546869910582053,-0.037875269615265
-0.08940328809491888,-0.045477493064783
-0.09953069817024007,-0.051628224339169
-0.1038390702552584,-0.065870366768306
-0.12451521114190352,-0.088959340882849
-0.15313082938498188,-0.099520242290691
-0.15139873692732164,-0.107572827319527
-0.15814188703322624,-0.112276637914639
-0.15973923986861588,-0.115596089481974
-0.16127465337900782,-0.116048004681206
-0.15912811852975692,-0.119349101429919
-0.16462331756902523,-0.12704514842994
-0.17485634778402903,-0.135030795505012
-0.18172684565662509,-0.152548097078873
-0.2056240683252996,-0.16137956775944
-0.20512870117814586,-0.172488112685938
-0.21800592459146012,-0.175114443030179
-0.21300061037324128,-0.179241343751316
-0.2185233086900445,-0.180696310187316
-0.2171732907026971,-0.18501663905989
-0.22326546850409115,-0.18543502983282
-0.21992480187278013,-0.190647727683474
-0.22884914039424917,-0.22112186949592
-0.2747117804579875,-0.228455146876211
-0.259316097252614,-0.237410934596943
-0.2721701739876798,-0.242626475776399
-0.27355589424671944,-0.2448814206352
-0.2726751648422309,-0.2535026273904
-0.2853749089587973,-0.261281095690147
-0.28994665560062316,-0.269025010100908
-0.2965729242450077,-0.273212069367597
-0.2975486806352073,-0.280613880334748
-0.30648434962560167,-0.284654412622138
-0.3067544554812286,-0.285128595400155
-0.30496027351426896,-0.280795660303221
-0.29820178816049125,-0.274971345966338
-0.2924801349193007,-0.272147741327404
-0.29213798700239474,-0.268254557042169
-0.2872393341339421,-0.240401891409028
-0.24464420482432822,-0.210730854759103
-0.22040532431786208,-0.184610552166573
-0.19860412615913461,-0.147221900856682
-0.1531791548325884,-0.130226413053269
-0.15704580543052252,-0.127090465482602
-0.1630291205346396,-0.124394612377791
-0.16004483426737057,-0.114182958929946
-0.14596112528177982,-0.098641607723514
-0.12863920299786735,-0.091056148204156
-0.12921537335337657,-0.06213699298952
-0.08222993603468841,-0.055367730229545
-0.0977763718168567,-0.0462047255586
-0.08432729486271635,-0.041149511320292
-0.08336211916550738,-0.030689877377225
-0.06910725038233854,-0.026613211402786
-0.07117407185338917,-0.018702731894742
-0.059739737076002615,0.009093088486701
-0.015860724364335207,0.033380301818285
0.003645814595688769,0.041759874722289
0.0003546459242111693,0.039775091488519
-0.00853909604582266,0.041855324910883
-0.0031808968154371717,0.04395119662911
-0.0019531980351066396,0.05372105172151
0.014112608173008113,0.095513455156281
0.08192421071481935,0.129001129292119
0.10920640057343467,0.150399284563143
0.12610738615178638,0.172739473906959
0.15222855885147388,0.180856878101999
0.152364245781354,0.193441184696415
0.1698714855628419,0.193267449578222
0.16183228558239915,0.200913106756339
0.17553148165082677,0.221218609989068
0.20477835994247728,0.23605900838921
0.2186903727069391,0.24555635073742
0.2277773789550352,0.263105840895389
0.2517462369227017,0.272250149390352
0.25832907581248477,0.272040313843898
0.25480931913193494,0.272868847685591
0.2563357561754392,0.271855030779225
0.2541305906552931,0.271992143201745
0.25480009589511826,0.272588874818581
0.25557571155833175,0.271536326158595
0.25367789391853357,0.277033292713042
0.262797184082776,0.280720809511097
0.266129035252763,0.280508308078505
0.26459857566546235,0.280508566872807
0.2647918277140342,0.284002747500202
0.27013526860837367,0.284451746163553
0.26938294375439603,0.284836153420595
0.2699910638285092,0.286621229931739
0.27255017172290075,0.294108871107534
0.28333144468847427,0.297703020011836
0.28593387018855143,0.299898677220779
0.28825508460036725,0.312148011955133
0.30582424610967196,0.310806105973423
0.29940307927041837,0.312210123978836
0.30256336004008777,0.312222632693068
0.30179338331973266,0.312307627666936
0.3020067689852733,0.294017997634792
0.2741980546308014,0.242302286398373
0.19839619482008883,0.143898410730473
0.05024380246944288,0.077702676618193
-0.013940090336203683,0.039585895998023
-0.039894821785277146,-0.006216295398901
-0.09441249253217969,-0.013218386039007
-0.06840936453794991,-0.01973715278665
-0.07587452695559772,-0.020208138800675
-0.07058054029440285,-0.02116517962067
-0.07105425111411791,-0.020235683969479
-0.06820144701641735,-0.022569767613131
-0.07306315039525407,-0.02310051177764
-0.07166503451092343,-0.021723260743153
-0.06880224194250545,-0.021799451464324
-0.07028501809510884,-0.024057350741866
-0.07411432812080777,-0.024057350741866
-0.07200375301157158,-0.023174123804648
-0.07065880198275735,-0.023980771070076
-0.07295288555131002,-0.024967700359023
-0.07384561815127774,0.0
-0.027170093395833927,-0.000450552334082
-0.051252715214236966,-0.000450552334082
-0.048094517652630626,0.00068634922918
-0.046111423456758255,-0.000450073380774
-0.04995476722510558,0.001683363972736
-0.04484370239260068,0.000546363704187
-0.04904525994841046,-0.000449617045385
-0.04969510321109175,0.000209880997572
-0.04766780375325621,-0.000426426111981
-0.04960130401898534,-0.001390884292105
-0.0506950119015328,-0.001390884292105
-0.049860779867697144,-0.001428645663814
-0.05004446950426515,0.006620082885158
-0.03520210263737699,0.015814266539939
-0.02558191207722237,0.016390020271577
-0.031955992546682827,0.020555376925169
-0.023935599701534346,0.035221103792764
-0.0009016407401661538,0.063325909720434
0.03786148038915084,0.076589244391228
0.039648166217080144,0.094160273285268
0.063172887936508,0.12146500102867
0.09888490944479787,0.148791823963976
0.1278444989083385,0.174232006225913
0.15503215710587956,0.197605573113344
0.1800822784413134,0.225569666905723
0.2140338051167288,0.242983648023289
0.22829246421474486,0.250758056196867
0.2333727004704014,0.261102697671877
0.2465788843726576,0.267279006844625
0.25160349725213105,0.283328481308919
0.27431844452171267,0.291470780519985
0.28019987824464715,0.293038286660814
0.2801012188217703,0.300945538456101
0.2916159109408798,0.30649291922886
0.29685412796445987,0.310685108956472
0.30142691713797487,0.315627277302164
0.3073737238503724,0.316601155558915
0.30717313394973406,0.323194456125614
0.31668011242470545,0.325661656662488
0.3179880151070631,0.327728717259588
0.3204601604613995,0.327316775496015
0.3191843771600394,0.324985898161031
0.3159825438889222,0.324141611231866
0.31547166002547267,0.32185109150125
0.3122920303007166,0.319514210112229
0.3096269268680951,0.309984277861245
0.2961621469313882,0.306374355700414
0.29408673648632533,0.304320402361086
0.2918666280669885,0.30235176534721
0.28963323232539434,0.293734001507923
0.27718933849947264,0.288282935838912
0.2720945810780068,0.261510903137428
0.23150598849077442,0.202329500812261
0.14420454127086932,0.140471574071884
0.06495435493966958,0.104221397777664
0.03549339289970026,0.045604974071636
-0.04804889332590636,-0.005291924884162
-0.09583554754189487,-0.046247681424065
-0.12889223628296154,-0.060729010120314
-0.12073642576150741,-0.072481678544725
-0.13071442250479373,-0.077914868602694
-0.12971280818684952,-0.080193181167387
-0.12850542503645007,-0.083763621444348
-0.13284216582834163,-0.083854278781785
-0.12924299625014532,-0.087985056124388
-0.1367158229765255,-0.092929073548392
-0.14147352542085043,-0.096309348226983
-0.14305764791126974,-0.113987067736294
-0.1719115374043946,-0.15644736030301
-0.22920889566497532,-0.199407719408272
-0.26414347273125316,-0.238334547555919
-0.2938490817943682,-0.285846598806827
-0.33937846674164296,-0.313381687676961
-0.3454812515912873,-0.335263934418497
-0.3612657331215277,-0.351004285472777
-0.3698765686603581,-0.358529339382045
-0.3703503452361693,-0.373592511781241
-0.38760625973989976,-0.389723805628584
-0.39903545295454773,-0.397793933720172
-0.4002472871685463,-0.393756922321153
-0.391163936284043,-0.360057946381488
-0.3466247091229317,-0.256241163708716
-0.2068820086245631,0.005320078817748
0.16626046004808964,0.131861053533768
0.16189795662215567,0.136229143033224
0.11117679558912572,0.14296851958854
0.1214300834501722,0.151640459989737
0.12348924598323878,0.181294322769461
0.16709032880242972,0.193791146335611
0.16917767624579333,0.222308648367974
0.21127348122591905,0.23211293297083
0.21175576904826407,0.239300723984305
0.22002872428403353,0.246145495829515
0.22740595803200767,0.245008029208107
0.22234275266496517,0.241973310413907
0.2181324093979315,0.241366616351975
0.2183350187125794,0.241634912124647
0.2188603699215674,0.241911436059122
0.21919086674506946,0.242336535796442
0.21978008821341102,0.243182942608287
0.22096987765414525,0.243385706650918
0.22090872574845252,0.241419508518051
0.21763849417189135,0.242654573631906
0.22061993705473018,0.245269204258664
0.2241399203391053,0.247794788938764
0.2271003453187993,0.247914337153002
0.2262196851401459,0.250074609687837
0.2297733596292187,0.249986378263898
0.2285410328970008,0.249538936635613
0.22798960534309387,0.250621437870835
0.22989476516993976,0.252529781430098
0.23243442772724937,0.252344036264069
0.2313072549449968,0.252215294766932
0.23128533455115521,0.248749959236013
0.2256695859428213,0.249858567700095
0.2291153573317713,0.245786532289514
0.2217317435791694,0.245813571748527
0.22389731549900227,0.248363514208468
0.22773707874595317,0.245665760321693
0.2222197838030421,0.248013029617298
0.2275147375536185,0.24808143253071
0.22626212517082955,0.246849360946442
0.22444418123319468,0.246410991549777
0.22427262619443963,0.245156284944255
0.22235868227877129,0.243239509209493
0.21983529048196213,0.234489663707914
0.20630516929902948,0.218695322034298
0.1842398716773852,0.215808407649042
0.18717522807307943,0.20040584242397
0.1616805926433369,0.177771518624562
0.13144002816446132,0.167001717753034
0.1252458696460711,0.150949489932318
0.10250299265366754,0.148071450044201
0.1078175222749216,0.141206196113125
0.09678458394986768,0.13160858631869
0.08462208803662989,0.131905784824737
0.09157124502125293,0.104041880151688
0.040571627172778284,0.079435717552066
0.016497141016612846,0.009859943732495
-0.09369784848505867,-0.058873464265745
-0.16223184081145534,-0.079618810662261
-0.14192457793514265,-0.111120437899927
-0.1835837596899629,-0.170475326339075
-0.2574601290963117,-0.243711446131236
-0.32404873324465555,-0.292567685307469
-0.342938473908641,-0.320537284982077
-0.3531426558492901,-0.350675161565039
-0.37998677813682585,-0.379252976708705
-0.39895290423587887,-0.401542639261466
-0.4115850781336358,-0.436455822111986
-0.4446988297796636,-0.453901786298099
-0.44620908783126206,-0.469356159343625
-0.4585047090748684,-0.471210017572351
-0.45316064447351573,-0.476470720555593
-0.45985890128599277,-0.485089832018791
-0.46684077251293815,-0.498143186242004
-0.47746698946346083,-0.509560509950354
-0.4842269449670791,-0.521764125540135
-0.4931423514960472,-0.528525307937668
-0.4953936940898339,-0.534998481399566
-0.5002275103535571,-0.542788057645514
-0.5058987989875043,-0.547888322337802
-0.5080610297974499,-0.556960065207331
-0.5158021334433788,-0.566268789933458
-0.5214534045814107,-0.568474689289904
-0.520333535972302,-0.571140939697446
-0.5229213542039164,-0.567861796102577
-0.5185408149244757,-0.541574503073627
-0.49273170074880546,-0.418945785387642
-0.35085516602875727,-0.172730797002017
-0.033712673841303484,-0.06349975317577
-0.0492854311360059,-0.015854058777885
-0.004417906237686886,-0.00052974745353
-0.01533165672580308,0.018172738521161
-0.002270386929748205,0.026159186540476
-0.009363354326988003,0.031993108955928
-0.007860032403320696,0.046414764435029
0.012150325171413583,0.061240500775438
0.026098789979943908,0.073120993028057
0.03611898412288215,0.08674017016513
0.05204816116121443,0.088150712414137
0.04421950099958396,0.093795242671811
0.054061496152432637,0.093018944045698
0.0478826965486586,0.09695168337781
0.05581976094489064,0.103368475175582
0.06416267222450903,0.11158084803978
0.07432016391123772,0.124747784439399
0.09225497424044163,0.124851907845646
0.08331218352608206,0.126062063729305
0.08624080379842182,0.125802008578894
0.08450830639263465,0.126151444309997
0.08526322747473243,0.139105192754186
0.10803508196640291,0.143497686441028
0.10673420912900579,0.146069832736957
0.10930614548049873,0.145222246896599
0.10606970534065176,0.146726061030935
0.10930723451393339,0.145664544195175
0.1062136916487621,0.173088826299609
0.155049422962561,0.174744111562743
0.1400404928298075,0.172027668617165
0.1364601102996156,0.158341854440981
0.11351311542504053,0.13686243812161
0.08377055688109401,0.127476335699148
0.08052846527464687,0.128993349750609
0.08859471199136866,0.126131372875402
0.08224548026111723,0.125953228729044
0.08450301294773922,0.120384361548732
0.07450149225725718,0.119727431555054
0.07743034349138907,0.123430200267407
0.0841762881366334,0.127957726053789
0.08968955829558342,0.129438249907052
0.08946684652121215,0.126592069282747
0.08360969829996828,0.124303503873373
0.08152574563447856,0.122520467014264
0.07966498911959494,0.121522829381139
0.0790174372248008,0.122000696896987
0.08052558717688617,0.132672324694247
0.09925813080425641,0.139796403441166
0.10442514169309296,0.15038837973028
0.119094178107509,0.153254306900024
0.11726736457160263,0.159672149530193
0.12724013632804493,0.166986026654308
0.13571546748141355,0.167363850924082
0.1319863751122854,0.167569180026237
0.13245791770231746,0.166151264384025
0.12962194228134766,0.16518344251106
0.12877808925042802,0.165749993396551
0.13025243395630973,0.166414392503703
0.13100122903379918,0.166860372433516
0.1314269226366734,0.167175398059848
0.13173494776108766,0.169476557574669
0.1355742382512476,0.157976434299514
0.11389627665083538,0.147752549392225
0.10342533960087585,0.142233253690149
0.09951528159057285,0.127517630321504
0.07644460108180169,0.112739951059295
0.060048313369620285,0.103220367484203
0.052694487535513465,0.09490080380656
0.04399400474946982,0.070101982320858
0.004822843655905004,0.058706701318478
0.003279663471282149,0.041491850514729
-0.02053248056822176,0.026843820493176
-0.033476512933441116,0.010234752519005
-0.05217017191556865,-0.003028035515599
-0.06277849766984174,-0.015888361738192
-0.0753935054704426,-0.023282762011767
-0.07801879149975456,-0.029323973440205
-0.08298696211125876,-0.043874746089406
-0.10426472454307693,-0.060135155368062
-0.12042301658538247,-0.00044244248273
0.003200654499056784,0.006768333907821
-0.04185681375135065,0.012413930499186
-0.0302212958398318,0.045410810684438
0.026024218227010835,0.104715794445614
0.10340090173278622,0.217323226733372
0.2513175036124915,0.309671296489202
0.33053412384996994,0.378242540588807
0.39375704106848425,0.471024508379283
0.48623159543544475,0.543513288445729
0.5466129597813514,0.566175162596102
0.5650814161371437,0.612733531760399
0.6046311005382534,0.695158333036562
0.6675446594491459,0.748845005162241
0.7133877724481842,0.787763808026898
0.7503605998912609,0.805053372850365
0.7733861809683877,0.824106182023699
0.7937712505707446,0.865054613711033
0.8258453774311054,0.870928899762328
0.8425186145444992,0.881586962240179
0.8563429635383415,0.890359207143001
0.867644636722617,0.894605317510097
0.8753488656833788,0.901030896228044
0.88263452750413,0.904533217020112
0.8880701963169538,0.912760081113196
0.8951655313788558,0.918164845332514
0.9014591841320917,0.923688324485839
0.907479439148807,0.919246676897753
0.9082820812246898,0.872880549595377
0.8830280474153045,0.821580726689569
0.8382290540951104,0.794329567324056
0.8001439236820345,0.777117754663183
0.7734581519274517,0.765616070798829
0.7561738333826443,0.73238461460474
0.7265709829671734,0.708079262013587
0.7008184462150223,0.6844391005537
0.6770435149757641,0.660505906186271
0.6539842889702714,0.649798921585825
0.6421760048986412,0.64639300082393
0.6378944175487659,0.003215315332437
-0.26806126183733914,0.007697804468378
-0.056015545980410114,0.008824321525522
-0.044521874508861393,0.010905140117002
-0.04448372495750255,0.016932609841405
-0.02861225974470779,0.039350816606653
0.008160241581781353,0.08138552821707
0.0663253917760466,0.103021433498709
0.0731909974508532,0.126211713421751
0.1017283596693917,0.135903053086308
0.10267905204211614,0.169710492633185
0.15611314788460506,0.179179460540902
0.15018189297623502,0.194152665862811
0.1722310569966885,0.224186543420241
0.21338571910165335,0.254806800164866
0.24744663283777887,0.27694453528489
0.269138541038749,0.28815541700152
0.2779949788139627,0.302778099091669
0.2962041605269849,0.31453617724745
0.3082495947153667,0.331386163508123
0.32906062022516985,0.33469998925446
0.328521969248206,0.349533289658714
0.34896866952868943,0.360181552444609
0.3591631453520994,0.372387506819784
0.37325550481345376,0.378592640291608
0.3785760075136507,0.380221057982978
0.3795022957890771,0.380221057982978
0.37918151276348677,0.373229145179681
0.36983317693296974,0.308766211475538
0.2785752050460279,0.283704601784619
0.26148534961315995,0.274998990453611
0.25450415195032267,0.261268644300656
0.23600868498557673,0.238508026828174
0.20501727213877557,0.220498302944968
0.18546735077316548,0.198058292877516
0.1555747430982299,0.175170164802811
0.12788731069525602,0.163780825884536
0.12074273992516404,0.147258378861042
0.0977898172453055,0.118519171550207
0.05708740819594822,0.088027835304341
0.021260469332727436,0.077482255377701
0.02352236410800053,0.049252805806051
-0.021295445181233705,0.029315982927742
-0.03483426421331023,0.024987594476216
-0.027228037153567242,0.009129335389072
-0.05374421575798942,-0.008507571881476
-0.0717603370882564,-0.037040879868163
-0.10883893098886768,-0.05497692580929
-0.1167702264056003,-0.072503617136885
-0.13385567773061813,-0.086357950942481
-0.14373046334441417,-0.089856443884215
-0.13782038682174483,-0.097458613016734
-0.14920408584282305,-0.109809637933213
-0.16373465483365163,-0.112956894168888
-0.1577604247816888,-0.123435737141188
-0.17474912703094234,-0.137293079546632
-0.18915449260393902,-0.150112510909213
-0.19906203647349116,-0.160425679129726
-0.20650804053036448,-0.187324947159835
-0.24400172103319362,-0.204815733414742
-0.249185014780208,-0.222126118762048
-0.26510716550570773,-0.230302717735472
-0.26505952579854325,-0.24971032262516
-0.2907702778222727,-0.253426466634844
-0.27996483916690706,-0.264767392150454
-0.29732669132055833,-0.279060639025855
-0.31007791575752747,-0.286282617978474
-0.3099464995435028,-0.287390860568062
-0.3077608863131419,-0.287869397242096
-0.3081992483525994,-0.290750697740148
-0.3118537034992671,-0.295325982259649
-0.3162483534362903,-0.299574889376233
-0.31926209994315974,-0.303922276682163
-0.32302715829772444,-0.30281756028879
-0.31819008747397687,-0.266410386048381
-0.2615185567281319,-0.173816878994386
-0.13602828904211828,-0.084711817161622
-0.06107409078836397,-0.065103878026934
-0.09638626109184376,-0.059342476763351
-0.0923101962781436,-0.040480401331456
-0.06575918954035583,-0.010358056823412
-0.031761154717339715,0.019582946432765
-0.003959451905319626,0.048246433430415
0.023984526072473422,0.083095314860319
0.0646255324539423,0.104158900879729
0.07576825389741564,0.119994913884383
0.09008768392365483,0.13565184659114
0.10685427597115073,0.161579177109078
0.14169250638176606,0.201422938296948
0.19327205825898527,0.224547272540281
0.20956490254519217,0.257293983575193
0.25232835626896105,0.268535796525873
0.2548508178525544,0.286008301415763
0.2784548443462821,0.30650091992121
0.30207809549134546,0.328872433056586
0.3277955574216025,0.354611754061553
0.35713573368105045,0.385727358468776
0.39181791793259196,0.398376357876238
0.40119169044247127,0.409164376531024
0.4126959447221229,0.416351161041181
0.4195233367333509,0.419148052958109
0.4217662614440227,0.421785433746965
0.4245570352862306,0.424094652962765
0.4269070161956633,0.427985358208769
0.43123851543015795,0.428555241414869
0.4312946659839789,0.429530632660366
0.4324330685403892,0.429220511324639
0.4318884028124987,0.424519105109104
0.4262699159832129,0.419360809072235
0.4207650950676177,0.423133260242751
0.42619623065459306,0.424918838021248
0.42761695989608933,0.42528624737943
0.42785742324529863,0.425648213671771
0.42824866806169254,0.423401996473735
0.42545899995577036,0.423401996473735
0.4258549462776039,0.422354158566988
0.4245307242665182,0.413134074069649
0.4133540523576946,0.405847251447032
0.4059270498702996,0.389964071183371
0.3867493205491227,0.365144127955867
0.35688475678587134,0.353665307991876
0.3469803080296627,0.332616431826514
0.3194738708216627,0.299883250033339
0.2770641674483197,0.272363109929215
0.24531417532501051,0.243565646818847
0.2088060361532746,0.217003201574269
0.17705270224593037,0.209067912578637
0.17628254178934183,0.201540569789225
0.16680580149904137,0.181929387147646
0.13745392493258451,0.162271062871216
0.11452570763289868,0.153232234458815
0.1098926909512061,0.140756457907727
0.09280933434687909,0.129046912027038
0.08028310627824442,0.126375072384559
0.08316792769821053,0.120902074233148
0.07477137140129894,0.106559631960983
0.053023105279833026,0.075815768522572
0.007418512306165493,0.048986611489357
-0.018805768374277183,0.033187767402779
-0.027744035042977615,0.023241222566437
-0.03404589009207974,0.007965525937332
-0.05399121835001934,-0.021290814579814
-0.09425267098587649,-0.029727349815067
-0.08417058406810485,-0.037316890612815
-0.0924758964232613,-0.0466485227644
-0.10292939259643684,-0.062303691937001
-0.12244156635721536,-0.082994447172508
-0.14571304627562312,-0.11028632162233
-0.17614851126581052,-0.123125034497677
-0.17495760681057757,-0.123583441781499
-0.16622277683502398,-0.13092265335709
-0.1799291843278407,-0.13454444879792
-0.17821734618302731,-0.139628018071766
-0.18409001645034878,-0.146941311298698
-0.1924306224017744,-0.151162175642014
-0.19300612080420076,-0.153892555992625
-0.19459813298061207,-0.157519340423331
-0.19867874200278318,-0.169063536126786
-0.2152201191181822,-0.181618456106606
-0.22604964891611765,-0.201107957312616
-0.2486924686468431,-0.211782362318364
-0.2500954675313107,-0.225113921225591
-0.2648619632017854,-0.233485929134674
-0.2676337709210277,-0.242168158100832
-0.2755290963266038,-0.24964803644278
-0.2807670979112859,-0.248828701169114
-0.2734603396656223,-0.248600267365867
-0.2747645346005881,-0.237150820309366
-0.2554899085289386,-0.193115702641856
-0.19090349736424458,-0.068647290275311
-0.008320530593750129,-0.003506128715533
-0.007596868559978188,0.009767348331907
-0.02405348858310286,0.033016221219247
0.011235773810591373,0.079655549728205
0.07183618464578446,0.119135933618294
0.1044106478771335,0.170097467004063
0.16728839278457747,0.203653236142062
0.19223042624976297,0.232597745411643
0.22313039100627075,0.266794830514275
0.26344190235040454,0.273647286403474
0.25919583221790193,0.287879104456565
0.27956863002036975,0.290342859544302
0.2770265079223873,0.287126857941208
0.27165942509244667,0.284047616863708
0.26796202608681563,0.287540199747869
0.27435431121217757,0.287705937015859
0.2730410798076072,0.288456836559339
0.2743809353394469,0.28983751007782
0.276145166401159,0.298134494579251
0.2883044699491903,0.30490245029823
0.2953635107992999,0.321258764405754
0.317460729502004,0.336083647972254
0.3333665718272443,0.345001263403256
0.3418980322240008,0.358414908334358
0.35822532159619597,0.371508781732069
0.37237176662398375,0.371062094752974
0.36873466094385554,0.372257889746804
0.3707541115915819,0.373773920107199
0.3723290806680856,0.374294974044388
0.37268052190268836,0.375267882698598
0.3738792014285873,0.377924545595035
0.3771762667612145,0.370530573004919
0.36662582165901203,0.338375690529195
0.32359425430375305,0.298429444551569
0.27346671804815825,0.228255234395625
0.17318389330170295,0.175679629203547
0.1142247620089486,0.131154965495444
0.061686199084062004,0.095537788019929
0.025138188889068044,0.053869672192908
-0.02625688080056429,0.025007298766816
-0.04711792111495294,-0.027610453097119
-0.12044834561738912,-0.071242555462461
-0.15426015690524514,-0.121031212113291
-0.2052364830298539,-0.191580407996453
-0.28257621668130944,-0.248572546318259
-0.31561090566578814,-0.283745700619289
-0.32825157371540087,-0.294153301977355
-0.3212465724357925,-0.303948905726207
-0.3306259245905891,-0.30984257869651
-0.3310897468441125,-0.311061644414874
-0.3282753089854005,-0.309715740549983
-0.3255396091695963,-0.308748933120754
-0.32464485770987667,-0.308389223295874
-0.3241950819584877,-0.310150031995939
-0.32677741942565225,-0.311048826312075
-0.3264653301206114,-0.311048826312075
-0.3259513032636521,-0.31037609720596
-0.3250139862785785,-0.31146353360504
-0.3271353421513648,-0.31679133112587
-0.334156613193163,-0.315798147946091
-0.3283624567164304,-0.317435605130627
-0.3327097596869219,-0.318553938425426
-0.3327337385866104,-0.321827751314348
-0.33690445091439997,-0.331954136094608
-0.3496116554671257,-0.343332680299385
-0.35868436788694996,-0.364324154329379
-0.3816719418733446,-0.383753351641714
-0.39473829825302154,-0.409495839055351
-0.41857570181976417,-0.422994922508611
-0.42130748875149204,-0.426406900612957
-0.4201631850467233,-0.426406900612957
-0.4194754325125473,-0.428057829708853
-0.4215514867617974,-0.432227575090177
-0.4255823220017727,-0.431919772025733
-0.4225212597303937,-0.431474927429221
-0.42272196185043653,-0.427246861397457
-0.41727036116463045,-0.41563530482102
-0.4045152041047992,-0.402993987033967
-0.3947476458917326,-0.384904717076295
-0.3765728130909519,-0.374665446543753
-0.3734084603824488,-0.000456248552009
0.25711018127327984,0.008557371981832
-0.07660776958730206,0.022543074986144
0.01934029342569806,0.018398292174932
-0.018455863963902558,0.033041469731018
0.0013430366871202604,0.034904391007162
-0.00927808883759362,0.037506489751742
-0.0069444137321228285,0.035282006865639
-0.013803208866255924,0.037352688511864
-0.008480337700364006,0.037352688511864
-0.010672460605247654,0.035676297921701
-0.013688654069648318,0.029584302103935
-0.023440237114937593,0.013861351261517
-0.047259863242170214,0.002987124541112
-0.053972988075181805,-0.006041482898046
-0.06214001376547734,-0.015484251658431
-0.07211751571653956,-0.03722274912717
-0.10362761566210467,-0.069766600390338
-0.14315296146686582,-0.104492039667708
-0.17668444028776817,-0.145311540240089
-0.21854734051827593,-0.189815011161596
-0.2594525053924964,-0.231274788586104
-0.2909298174829155,-0.257644654889821
-0.3011378316693182,-0.308392825333495
-0.36064615447682224,-0.337698187028929
-0.36505386336096274,-0.379889183380195
-0.4076973269960738,-0.421428091671595
-0.43587815987928913,-0.447091177234821
-0.4453674164950988,-0.471785691021233
-0.46445793698479,-0.505746700310291
-0.4913998012363872,-0.525254696283366
-0.496974665460813,-0.545387763708405
-0.5120199536493398,-0.581471453123666
-0.5399295299731592,-0.609648900890085
-0.5524298561188253,-0.621458133182048
-0.5550701608316142,-0.626349053423067
-0.5570100210790732,-0.626175214125972
-0.5557091290511774,-0.621983598478509
-0.5523285608966161,-0.597825183988041
-0.5314570663971548,-0.496121571020205
-0.4290088797530401,-0.385449221557224
-0.33904000952567753,-0.250440169572171
-0.19169183989229055,-0.201353077512866
-0.20823932830287287,-0.187832940567457
-0.19892799637156452,-0.154023980746167
-0.14763804258620833,-0.115402671939732
-0.11736841485857538,-0.074785964169888
-0.0796278892345033,-0.063868445857234
-0.09708011449606303,-0.058450403823262
-0.09516321105962726,-0.056991201497555
-0.09905909386877905,-0.050677772770361
-0.09052733176039796,-0.045095385809729
-0.08704232226628451,-0.035413709042655
-0.07449649153584437,-0.022259027198574
-0.05918766024421168,-0.013534283834443
-0.05476901498351959,-0.009249036692396
-0.05376356017648399,0.001356432821316
-0.03766016466642071,0.009120808774709
-0.033101797061348616,0.01451172385463
-0.02940498425119894,0.022279907707359
-0.019388502640015633,0.036950635284736
0.0008111322371953974,0.046432048932382
0.00588378005429915,0.052533559305671
0.01013679144422937,0.065977378915867
0.030093571584176766,0.083447232198243
0.050870000071053786,0.098463979375677
0.06496078773051299,0.107331236447977
0.07048776574015818,0.132300340546154
0.10921010859990128,0.144993107387494
0.11382173130360687,0.17473413389379
0.15872294551472174,0.196132861127243
0.17652340627399724,0.213378060890523
0.19469433598525582,0.217558635349208
0.19273034507182135,0.217274657932298
0.19051551747396417,0.221515467337034
0.19747022007545334,0.225829874642923
0.20214305985795,0.227746265988335
0.2032866991290732,0.230976606917932
0.20780345484283355,0.234600375549632
0.21212413329138666,0.235472681240602
0.21186969862570068,0.23658319168147
0.2134091482305161,0.238507645760462
0.21596931489019558,0.240079406738892
0.21762394336016033,0.240264262517596
0.2172369000173774,0.243302701372182
0.22216705523668487,0.243815651437579
0.22147743502071326,0.243640528679868
0.22113278573846398,0.244491401431182
0.22256333388612842,0.245029399753006
0.22299608303318053,0.242466959137999
0.21860112006063057,0.237137586319965
0.21111931934172976,0.226958583340948
0.19671664552392806,0.220736693480899
0.1912677801726274,0.210734342659812
0.1771343387794401,0.214673909772549
0.18908464537737968,0.202871265484322
0.16636923250805682,0.194573598861575
0.15938392250055944,0.174853914751162
0.1290747484116223,0.149975485863742
0.09694095023501309,0.129132347436485
0.0747373364334183,0.109637701998506
0.05277238965298498,0.100342130223234
0.049338597986566,0.083944022481235
0.025748571233937766,0.068872319663044
0.010850545636136782,0.057143560076177
0.0006534344199658137,0.048594218863973
-0.0061431765342683485,0.037136530912233
-0.0204730633116703,0.030706947001369
-0.022821255534866,0.014466232655715
-0.047709740062882346,-0.002741837047807
-0.0653503296221392,-0.013039954455188
-0.06991494807231052,-0.015569516254065
-0.06652027748386648,-0.033060816991193
-0.09670126755731225,-0.044578065124305
-0.10134198043512856,-0.050263806503674
-0.10226537737466111,-0.061899266425462
-0.11921129404900815,-0.075988787806552
-0.13370920631381006,-0.091693682362174
-0.1494271100637037,-0.109287733261998
-0.16725857103189717,-0.120202107287671
-0.17123445518956426,-0.1344121008391
-0.18752810303720147,-0.134982174275836
-0.17577875202179102,-0.136487935272441
-0.17914999553169605,-0.136609860962844
-0.1776162263924072,-0.138531472618605
-0.18038614054259633,-0.145626817252192
-0.19092975227226525,-0.165872037933944
-0.21926350677825254,-0.173788432796339
-0.2145162486328404,-0.178581410831244
-0.21806866048153362,-0.179029381711008
-0.21529145563131327,-0.177384528464943
-0.21192009618494068,-0.178156591769136
-0.21464222833791452,-0.182425926437552
-0.22064723536811373,-0.185014605298447
-0.22098993905787573,-0.200825917268906
-0.24600980782171664,-0.210963534403068
-0.24847505296491004,-0.220527916477685
-0.2572694763445975,-0.229917897856297
-0.26554331731938546,-0.234896164994316
-0.26596091057700777,-0.243512810598386
-0.276729251079793,-0.257395871613233
-0.29172519681621123,-0.261723557461146
-0.287227145509529,-0.2605997677687
-0.28372990406461224,-0.263965065376297
-0.2904680376586568,-0.26913702198316
-0.2948820410626113,-0.2785274984953
-0.3056049003550674,-0.283877270026766
-0.30662911828436923,-0.290366261859322
-0.31357282188140706,-0.295978816348855
-0.317397596715189,-0.302346590748292
-0.3232084182706619,-0.307824902358975
-0.32699787656699036,-0.314746148307496
-0.333776035142977,-0.317161722360129
-0.33238192841575265,-0.321573649090779
-0.3380341159895669,-0.329236717073829
-0.34604638882090544,-0.333986555759257
-0.34738216035574515,-0.341675301682675
-0.3561786245699736,-0.346928899688279
-0.35832991071580567,-0.349044227469178
-0.35836390465207907,-0.352076779472505
-0.36186451235228706,-0.354596977876289
-0.36319888081764495,-0.363089304929222
-0.3738259077452502,-0.388722211217999
-0.40339657812530516,-0.395156681789142
-0.39487743408620696,-0.420177275197529
-0.42783172195418484,-0.426403630292746
-0.41955328970212696,-0.438440525134313
-0.43441089237267516,-0.446689701537552
-0.43773468569362506,-0.452766220145972
-0.4414059716571537,-0.452620753593793
-0.43850725636988636,-0.44725942484341
-0.43242441893778094,-0.440615746734786
-0.42717148863631027,-0.42990402800557
-0.4165965233020799,-0.402364180438454
-0.38556622404281155,-0.381753538223699
-0.3749159297005748,-0.360638652684884
-0.35487310710563685,-0.344369604110592
-0.34391379194057753,-0.329201138472723
-0.33079605761882774,-0.312833163076382
-0.3156613397503246,-0.274045971113783
-0.26571252205715395,-0.242588273551559
-0.2467229917783726,-0.216482012782322
-0.22476454803016446,-0.191764715280869
-0.20234926878761084,-0.175604720063856
-0.1955851566957306,-0.144818966957369
-0.15435970034540372,-0.128162651452749
-0.15444797501418725,-0.111702813244061
-0.1377969021890579,-0.085443105791776
-0.10530624959985056,-0.066963533798668
-0.09709066160927836,-0.060134256061664
-0.09979216048847504,-0.050300807566104
-0.08694804361193946,-0.051220144098759
-0.09844530687665021,-0.046092679137094
-0.08779661028597814,-0.027527576073232
-0.059184327747788666,-0.000901625834021
-0.027846125271633326,0.029517711691217
0.005411834775701617,0.038383640480852
-0.0029098711572896774,0.055677935368245
0.023529906160397365,0.069863156772217
0.03457123656527501,0.081107466050503
0.044175358984251886,0.097096257762083
0.06491703624877053,0.101209748581521
0.06021744753464105,0.108744825738557
0.07159719633831083,0.120076495800163
0.0860988295580426,0.133212975247304
0.10152804770388602,0.145981466161113
0.11549969842199717,0.150651731805805
0.11564494569635492,0.149589533415241
0.11119443185864862,0.157240841586856
0.12531636895936832,0.164311573160346
0.13231061908982142,0.1692608741922
0.13691556122111964,0.169642697413263
0.13474470443118516,0.171400554883237
0.13771409190525016,0.175809101151646
0.1441212183847135,0.177167349055078
0.14379631183832978,0.180259287909425
0.14858544239247204,0.178870059458101
0.14423615398513925,0.179347582900943
0.14609253860342364,0.180322020727504
0.1472838240225421,0.180453236780181
0.1469625707993006,0.184346631540529
0.15367613201698294,0.187323359489911
0.15642277154891493,0.189203129242418
0.15815087768543998,0.19000944970285
0.158531250493545,0.198632914774467
0.17285767260032098,0.203397790013838
0.17592653913542902,0.210048175550043
0.18506239056915685,0.213481299283867
0.1872372120163742,0.210548445895867
0.18071983094922628,0.214439148684607
0.1889420146510543,0.214333962673523
0.1862935244608137,0.216303549499766
0.18999049318246547,0.215051461355886
0.18669477151270958,0.215495276272657
0.18825956291850393,0.215147229265314
0.1872837885909899,0.215109033416686
0.18746659048074948,0.215647740901706
0.18835516848653372,0.214407401104628
0.18597931265959464,0.211818715720796
0.1823292099579358,0.212820378688186
0.1853423531935322,0.211149063828109
0.18181411291874572,0.19885891266927
0.16194756275060557,0.187284623362119
0.1488932554280185,0.151389095798953
0.09179330368074969,0.131495193361002
0.0787707707372842,0.099226379899296
0.031923328669524964,0.073952466424016
0.008996956041025923,0.061053566323853
0.003629184847576953,0.052992981994654
-0.0017191808379637087,0.049534809304388
-0.001538919485229951,-0.003388169028382
-0.09557303405008014,-0.084930876314762
-0.19664445912428194,-0.104771219172966
-0.1624906087321748,-0.099787797799841
-0.14136133290006492,-0.077126770404424
-0.10741145073717957,-0.064495688355825
-0.103100442179427,-0.074610989089681
-0.1298554431242097,-0.08189571659358
-0.13156202388585214,-0.094001049262066
-0.1480423473303017,-0.079942782119439
-0.11229377280973979,-0.066643446777936
-0.10309102836505421,-0.057883538674628
-0.09811778590571683,-0.047151449602003
-0.08475742749719117,-0.030821890298827
-0.06461947080523121,-0.029817405445058
-0.07738622037129449,-0.027506709290752
-0.07247958121690788,-0.030514714016165
-0.0804449779340424,-0.033596972369284
-0.08359817874127386,-0.025568108066465
-0.06637661275310792,-0.002952204203062
-0.03290234014616394,0.044109537120984
0.03336880830637001,0.123708835617896
0.1372934000253719,0.19000466397746
0.19485939821521772,0.250362960958099
0.2577778381677953,0.281725254344216
0.2788056519993267,0.285721400541654
0.273343653883214,0.299274832574505
0.2925859220742298,0.319499980001415
0.31673509625426394,0.344784187521873
0.34624530809892634,0.353443821348344
0.3511182273751655,0.367528059906707
0.36860206817951274,0.375508210254028
0.3755561928734576,0.38563080782254
0.3872765212131675,0.400918676786302
0.40464394767132145,0.422076572923883
0.42779650365418864,0.436296409531419
0.44123719632967723,0.441558309031066
0.44547102567944247,0.443868574157474
0.4475139720310373,0.44683906130889
0.4506422146403462,0.447363312440239
0.4508346812195568,0.448629356770712
0.452255036790092,0.431770670555282
0.4321631364529645,0.416353146387824
0.4160472912563244,0.397973451845671
0.3952865961553543,0.370168966709066
0.3620177099122143,0.352582803504028
0.34425840158457244,0.329802597757686
0.31580253588700374,0.291970252894325
0.2656585630383781,0.247523148454846
0.20807834745037776,0.199456156392762
0.14549871582180676,0.164992877428885
0.10931605199555634,0.15552707149737
0.11166599800601278,0.130350205033726
0.07188520792672072,0.093318468057464
0.0225694942884248,0.064960455732397
-0.003051863167582648,0.036263941846483
-0.03507430334720466,0.016566448208443
-0.048495466977519934,-0.001206109640719
-0.06528351101739265,-0.024075278302856
-0.09221657737729494,-0.031589169582319
-0.08594163795705867,-0.052856812574117
-0.11918446708715917,-0.058745237940181
-0.11033191111698458,-0.07200437425963
-0.13011110606625018,-0.085151167474555
-0.14175451994147864,-0.104022937423697
-0.16359570912440266,-0.113472623153455
-0.16376444237551754,-0.123882808402992
-0.17491544411867718,-0.139973076222861
-0.19402458589991153,-0.155003574710151
-0.20540558723213484,-0.163017371929747
-0.20674005883496316,-0.171387730923935
-0.21526449823571903,-0.182196759287025
-0.22632355830382445,-0.19068788074871
-0.23112656191554956,-0.196322471057344
-0.23394729631902964,-0.20259464801997
-0.24014947374310922,-0.219330891871058
-0.26258394543468944,-0.237743950031378
-0.2779722406279345,-0.246860510679655
-0.2784447931352864,-0.249638375333685
-0.2774771709947433,-0.250841602693459
-0.2777498779038522,-0.255790023903593
-0.2843958870261237,-0.268527995511009
-0.3001231870611322,-0.278621345023772
-0.3054403212059953,-0.294976091677201
-0.32418557829052497,-0.299797177713446
-0.31908760062200875,-0.306128905028688
-0.3271210134230036,-0.318022669643212
-0.3402781090955358,-0.324408690331465
-0.34051031185593916,-0.337514056424098
-0.3567054548862261,-0.350803145258576
-0.3663433905660109,-0.352241738076601
-0.35983017620002394,-0.363344052602801
-0.376784777120697,-0.375914033972428
-0.38571522682707754,-0.385200314550688
-0.39084224762920633,-0.394609509494895
-0.39900725128000747,-0.397687442712209
-0.3975117044148635,-0.398822100996579
-0.39810826576935154,-0.40827233248396
-0.410265140724352,-0.413254217170486
-0.4101943233287351,-0.42141650298579
-0.4190569256905996,-0.427535841509525
-0.4221492407238664,-0.436655339859767
-0.4309083906998773,-0.446603706995804
-0.43841215752162477,-0.452246872146437
-0.4403519211669966,-0.463436671342628
-0.45201043252179957,-0.468051354465582
-0.4513785294729034,-0.472380079888859
-0.45534598973936474,-0.479111490453433
-0.4613343135354402,-0.478949103538136
-0.45757844734390446,-0.470931012688521
-0.4488771330663249,-0.443753067975236
-0.4193142872871336,-0.398252141969353
-0.37453564020658126,-0.32722327988322
-0.2981112989767587,-0.285763654681168
-0.2836239965380112,-0.21263474843663
-0.1825177841428239,-0.145735678418277
-0.12945986281459002,-0.112253209612497
-0.12317763194421276,-0.095663131629871
-0.11680039082397327,-0.082467571570449
-0.10918973148277143,-0.056300667227165
-0.07612951645017896,-0.02108237330292
-0.03778250243447965,-0.005881724993697
-0.04159525891418908,0.015055209744893
-0.013969658160012891,0.019051345312873
-0.02538427511927182,0.069677304851929
0.06452497279175762,0.111796966531455
0.09706931138973943,0.120244558013315
0.08406183202271099,0.131870142216566
0.1013260394286228,0.165982258850213
0.15194189545471112,0.195668650712012
0.1805276246732749,0.216047743802737
0.1992061537231539,0.218377069309268
0.19293848113080111,0.221863469460644
0.19803130901877486,0.228474400608338
0.20661284867812793,0.232289567945876
0.2095078704412986,0.243333286902981
0.22593928516980213,0.268503839147548
0.26077046389878017,0.285419155551311
0.2763094708390739,0.298531011509178
0.29054987785732733,0.31478004451008
0.31014377914440727,0.330170077644905
0.3270735932438649,0.350466812230438
0.35118844647818576,0.358798380418583
0.35706111303347354,0.373285542992556
0.3749209091203156,0.374995586582651
0.37352816412084106,0.379816972192616
0.37989705955144376,0.381687712113193
0.3810960037610043,0.383106009857709
0.38264779515613234,0.385512850453513
0.3854761752976374,0.387245220622109
0.38720488813619686,0.39051075194748
0.39111155635961775,0.394542629769789
0.3956121916255258,0.39540595516341
0.39591533789661865,0.39540595516341
0.3958129680616706,0.39540595516341
0.39580531567794247,0.395829136590619
0.39634166500325085,0.395598118417537
0.3959511123167847,0.383143921091696
0.37974995957936514,0.376408549712789
0.3736945719465101,0.369528088125414
0.3657022941190881,0.361989533157445
0.3570789824664559,0.349859681602903
0.34207434364925626,0.339332370519609
0.3304426486223323,0.318794204038521
0.3033233779744276,0.306233908854371
0.2911911582923033,0.299062757667097
0.28403043535676603,0.294303883334648
0.2791713215692121,0.271634132342184
0.24543463930865744,0.254714357806913
0.2278187958028068,0.237454524656963
0.20605224608098321,0.217650174748312
0.1808801076573689,0.194895918293772
0.15177933999303653,0.168651364195629
0.11813893722058022,0.156134612589843
0.1112185189343623,0.147039510494358
0.10204874115651283,0.138758152697802
0.09328572704557177,0.108351745753338
0.04403985246360228,0.085715153320501
0.024598672272821524,0.067192243487725
0.006226367881088094,0.051422608428353
-0.008899431695856762,0.041088737109879
-0.015509476899765189,0.030485071157274
-0.02688744005156783,0.013028244984105
-0.05015072229316265,0.000337336751115
-0.05860789422660061,-0.022744285705832
-0.09067789308289644,-0.040597838112807
-0.10314170652206214,-0.042508620087487
-0.09166143431729186,-0.058661427855494
-0.12072467110679157,-0.075905745939489
-0.13625071899144717,-0.100285242501903
-0.16461699316143438,-0.113446223732763
-0.16678292028504657,-0.124897490052246
-0.1767039625258657,-0.141671121995692
-0.19639908621354973,-0.158324006319045
-0.20988017776363654,-0.177643038873623
-0.22897609150496984,-0.186084592041561
-0.22698492268353382,-0.197264786695497
-0.24012043351663948,-0.217221809099725
-0.2636383388995289,-0.214672364814097
-0.24166245917341295,-0.229614410789905
-0.2717532820393097,-0.248329019674884
-0.28751008058550753,-0.257895298150266
-0.28755049635010416,-0.292872657143986
-0.3370109041815793,-0.309036686539499
-0.33287236330850356,-0.320994601140644
-0.34259616189648395,-0.336568322768181
-0.3582927105003176,-0.349441983644183
-0.3653234365713739,-0.389124116858882
-0.41285831149816554,-0.405916171327573
-0.4085579104689553,-0.416002039628579
-0.4160314452992423,-0.430667294213413
-0.43030245870378964,-0.443359078224738
-0.4373581900153608,-0.456184978608741
-0.44722562306414954,-0.480634624324712
-0.4702345522717856,-0.494808217195239
-0.47397922345823396,-0.508561657752952
-0.48477474860261743,-0.541620113421737
-0.5145248616760947,-0.554986615401488
-0.5135529317706928,-0.572158864705093
-0.5280996947040332,-0.565523670094754
-0.5147595700322573,-0.533380371215279
-0.48525387847064283,-0.415997004359833
-0.35185672916039945,-0.303425194116085
-0.2632688566074353,-0.247883840392468
-0.24439299708379575,-0.207417705259959
-0.20108389445153912,-0.14553440266981
-0.12338698065899614,-0.120626012995627
-0.13739691010136698,-0.095681410297601
-0.10848091451445882,-0.045826922154289
-0.043057801459059436,0.012892798891463
0.014658077524574289,0.042181232761521
0.018363663221452515,0.079695374251881
0.06588289167933915,0.115382363455953
0.09930514797047518,0.156912013242457
0.14707384569595272,0.189029000058873
0.17558259066771378,0.216371690389519
0.2038147968605052,0.232164546415658
0.2156367721876061,0.255094177778048
0.24540205277288185,0.269860334517037
0.258018478704325,0.286071675359825
0.2776097418795249,0.292707111769514
0.2813467374238682,0.300322968342995
0.2908492838144853,0.313717572986758
0.3079480866745721,0.321637223583724
0.31500767702005605,0.325661963630718
0.3186588115463451,0.330297883302731
0.32417889017050355,0.335612684271051
0.3303574020189889,0.336424459060959
0.32995995044947235,0.336424459060959
0.3298633318862387,0.336741233211315
0.33027242527269496,
